Country,categories,2016,2017,2018,2019,2020
AF,Revenue,48.442,45.2478,,,
AF,Tax revenue,8.8465,9.2477,,,
AF,"Taxes on income, profits, & capital gains",1.9144,2.0393,,,
AF,Customs & other import duties,2.3244,3.2517,,,
AF,Taxes on payroll & workforce,0.0,0.0,,,
AF,Taxes on property,0.001,0.0009,,,
AF,Taxes on goods & services,3.3937,3.8612,,,
AF,Taxes on int trade & transactions,3.0689,3.3332,,,
AF,Social contributions,0.311,0.2699,,,
AF,Grants revenue,36.3337,32.7386,,,
AF,Grants revenue from foreign govts,31.5008,28.0884,,,
AF,Grants revenue from int orgs,4.8328,4.6502,,,
AF,Grants revenue from other gen govt,0.0,0.0,,,
AF,Other revenue,2.9509,2.9916,,,
LV,Revenue,37.1577,37.5243,38.1205,37.433,38.4623
LV,Tax revenue,22.3345,22.5141,21.6887,21.113,21.4485
LV,"Taxes on income, profits, & capital gains",7.9314,8.1762,7.0314,6.6595,6.8205
LV,Customs & other import duties,-0.0167,0.0125,0.0157,0.0084,-0.0015
LV,Taxes on payroll & workforce,0.0119,0.0114,0.0107,0.0106,0.0107
LV,Taxes on property,0.91,0.8871,0.8118,0.7958,0.8078
LV,Taxes on goods & services,13.4979,13.427,13.8192,13.6387,13.811
LV,Taxes on int trade & transactions,-0.0167,0.0125,0.0157,0.0084,-0.0015
LV,Social contributions,8.4926,8.7388,9.4936,10.0596,10.5294
LV,Grants revenue,1.0156,1.4124,1.9824,2.0582,1.7938
LV,Grants revenue from foreign govts,0.0425,0.0229,0.0472,0.1498,0.1279
LV,Grants revenue from int orgs,0.9731,1.3895,1.9353,1.9084,1.6659
LV,Grants revenue from other gen govt,0.0,0.0,0.0,0.0,0.0
LV,Other revenue,5.315,4.859,4.9557,4.2021,4.6906
LT,Revenue,34.1338,33.2883,34.2472,34.9334,35.7351
LT,Tax revenue,17.3043,16.9997,17.142,20.3744,20.573
LT,"Taxes on income, profits, & capital gains",5.5929,5.3533,5.5798,8.7863,8.7807
LT,Customs & other import duties,0.0,0.0,0.0,0.0,0.0
LT,Taxes on payroll & workforce,0.0432,0.0,0.0,0.0,0.0
LT,Taxes on property,0.3275,0.3051,0.301,0.2979,0.3007
LT,Taxes on goods & services,11.3266,11.3282,11.2492,11.2772,11.4801
LT,Taxes on int trade & transactions,0.0,0.0,0.0,0.0,0.0
LT,Social contributions,12.4559,12.5395,13.0214,10.0442,10.8271
LT,Grants revenue,1.2058,1.026,1.3378,1.7194,1.649
LT,Grants revenue from foreign govts,0.0926,0.0331,0.0015,0.0037,0.0231
LT,Grants revenue from int orgs,1.1132,0.9929,1.3362,1.7157,1.6259
LT,Grants revenue from other gen govt,0.0,0.0,0.0,0.0,0.0
LT,Other revenue,3.1678,2.7231,2.746,2.7954,2.6861
LU,Revenue,42.3828,43.0449,44.7272,43.9916,43.0707
LU,Tax revenue,25.7787,26.6354,28.4656,27.9176,26.8919
LU,"Taxes on income, profits, & capital gains",13.5658,14.0066,15.6386,15.237,14.6074
LU,Customs & other import duties,0.0,0.0,0.0,0.0,0.0
LU,Taxes on payroll & workforce,0.0,0.0,0.0,0.0,0.0
LU,Taxes on property,1.1524,1.1794,1.3508,1.4542,1.4091
LU,Taxes on goods & services,10.9614,11.3484,11.3827,11.1353,10.7843
LU,Taxes on int trade & transactions,0.0,0.0,0.0,0.0,0.0
LU,Social contributions,11.8098,12.1759,12.1543,12.1202,12.6353
LU,Grants revenue,,,,,
LU,Grants revenue from foreign govts,,,,,
LU,Grants revenue from int orgs,,,,,
LU,Grants revenue from other gen govt,0.0,0.0,0.0,0.0,0.0
LU,Other revenue,,,,,
AT,Revenue,48.4772,48.4364,48.8596,49.1233,48.7696
AT,Tax revenue,27.139,27.1496,27.4277,27.5893,26.3583
AT,"Taxes on income, profits, & capital gains",12.0065,12.1713,12.7199,12.8709,11.8576
AT,Customs & other import duties,0.0,0.0,0.0,0.0,0.0
AT,Taxes on payroll & workforce,2.6279,2.4846,2.4109,2.4192,2.4556
AT,Taxes on property,0.231,0.2254,0.231,0.2114,0.2308
AT,Taxes on goods & services,12.2025,12.1932,11.9934,12.0177,11.763
AT,Taxes on int trade & transactions,0.0,0.0,0.0,0.0,0.0
AT,Social contributions,15.1041,15.1735,15.2452,15.3721,16.0668
AT,Grants revenue,0.0732,0.0603,0.111,0.1194,0.086
AT,Grants revenue from foreign govts,0.0112,0.01,0.0346,0.0476,0.0129
AT,Grants revenue from int orgs,0.062,0.0503,0.0763,0.0718,0.0731
AT,Grants revenue from other gen govt,0.0,0.0,0.0,0.0,0.0
AT,Other revenue,6.161,6.0531,6.0757,6.0424,6.2585
MT,Revenue,37.0164,37.2134,37.1447,36.0022,35.8202
MT,Tax revenue,25.1685,25.0058,24.9889,24.6737,23.8184
MT,"Taxes on income, profits, & capital gains",12.5997,12.6707,12.2723,12.5565,12.4725
MT,Customs & other import duties,0.0,0.0,0.0,0.0,0.0
MT,Taxes on payroll & workforce,0.0,0.0,0.0,0.0,0.0
MT,Taxes on property,0.1509,0.1615,0.1595,0.1859,0.1733
MT,Taxes on goods & services,12.4172,12.1727,12.5566,11.9302,11.1727
MT,Taxes on int trade & transactions,0.0,0.0,0.0,0.0,0.0
MT,Social contributions,6.05,5.8775,5.8921,5.6955,6.4425
MT,Grants revenue,,,,,
MT,Grants revenue from foreign govts,,,,,
MT,Grants revenue from int orgs,0.4143,0.5424,0.9944,0.9216,1.106
MT,Grants revenue from other gen govt,0.0,0.0,0.0,0.0,0.0
MT,Other revenue,,,,,
MH,Revenue,80.4443,89.1601,82.6452,,
MH,Tax revenue,17.3894,17.7738,17.7918,,
MH,"Taxes on income, profits, & capital gains",6.8492,6.9757,6.7991,,
MH,Customs & other import duties,4.0491,3.9951,3.7867,,
MH,Taxes on payroll & workforce,0.2106,0.266,0.2636,,
MH,Taxes on property,0.3183,0.322,0.32,,
MH,Taxes on goods & services,5.9108,6.1554,6.5634,,
MH,Taxes on int trade & transactions,4.0491,3.9951,3.7867,,
MH,Social contributions,10.8184,12.2309,12.4263,,
MH,Grants revenue,32.9712,33.5924,33.0798,,
MH,Grants revenue from foreign govts,32.9258,33.4316,33.0493,,
MH,Grants revenue from int orgs,0.0453,0.1608,0.0305,,
MH,Grants revenue from other gen govt,0.0,0.0,0.0,,
MH,Other revenue,19.2653,25.563,19.3473,,
MU,Revenue,22.2262,23.1694,23.4919,23.5661,26.5739
MU,Tax revenue,18.1961,18.616,19.1919,20.0084,21.7084
MU,"Taxes on income, profits, & capital gains",4.4106,4.7635,4.8459,5.4242,6.3247
MU,Customs & other import duties,0.3098,0.2574,0.2793,0.2768,0.2831
MU,Taxes on payroll & workforce,0.1362,0.1396,0.114,0.1559,0.1856
MU,Taxes on property,0.1057,0.0753,0.077,0.103,0.0852
MU,Taxes on goods & services,12.8401,13.0231,13.5682,13.7252,14.4739
MU,Taxes on int trade & transactions,0.3098,0.2574,0.2793,0.2768,0.2831
MU,Social contributions,0.9322,0.9529,1.0062,1.1155,1.333
MU,Grants revenue,0.0735,0.6386,0.5475,0.401,1.0207
MU,Grants revenue from foreign govts,0.028,0.4188,0.4672,0.3171,0.9636
MU,Grants revenue from int orgs,0.0513,0.2198,0.0804,0.0839,0.0572
MU,Grants revenue from other gen govt,-0.0058,0.0,0.0,-0.0,0.0
MU,Other revenue,3.0245,2.9619,2.7463,2.0412,2.5117
MX,Revenue,21.82,22.014,20.8159,20.96,22.1889
MX,Tax revenue,14.4483,13.9482,13.9811,14.0856,15.4395
MX,"Taxes on income, profits, & capital gains",7.0732,7.148,7.1069,6.9289,7.6486
MX,Customs & other import duties,0.2578,0.2452,0.2858,0.2712,0.2562
MX,Taxes on payroll & workforce,0.3809,0.3829,0.3962,0.4139,0.4553
MX,Taxes on property,0.3265,0.3238,0.3391,0.3325,0.3102
MX,Taxes on goods & services,6.1533,5.5737,5.5874,5.8825,6.4221
MX,Taxes on int trade & transactions,0.2578,0.2452,0.2858,0.2712,0.2562
MX,Social contributions,2.2512,2.2209,2.2515,2.3479,2.5951
MX,Grants revenue,0.0084,0.0072,0.0028,0.0007,0.9126
MX,Grants revenue from foreign govts,0.0,0.0,0.0,0.0,0.0
MX,Grants revenue from int orgs,0.0,0.0,0.0,0.0,0.0
MX,Grants revenue from other gen govt,0.0084,0.0072,0.0028,0.0007,0.9126
MX,Other revenue,5.112,5.8377,4.5806,4.5258,3.2418
MD,Revenue,28.5757,29.8397,30.5215,29.9617,31.4508
MD,Tax revenue,18.1769,19.273,19.8193,19.0645,19.9534
MD,"Taxes on income, profits, & capital gains",4.0693,4.3173,4.9147,4.4433,4.663
MD,Customs & other import duties,0.6113,0.5971,0.5842,0.5698,0.5981
MD,Taxes on payroll & workforce,0.0,0.0,0.0,0.0,0.0
MD,Taxes on property,0.2509,0.3053,0.2967,0.276,0.2924
MD,Taxes on goods & services,12.9538,13.7609,13.7313,13.4892,14.1251
MD,Taxes on int trade & transactions,0.9028,0.8895,0.8767,0.856,0.8729
MD,Social contributions,8.2559,8.672,9.0284,8.7596,9.6561
MD,Grants revenue,0.8535,0.564,0.2039,0.7628,0.3261
MD,Grants revenue from foreign govts,0.117,0.0359,0.0478,0.0186,0.0042
MD,Grants revenue from int orgs,0.7364,0.528,0.156,0.7442,0.3219
MD,Grants revenue from other gen govt,0.0,0.0,0.0,0.0,0.0
MD,Other revenue,1.2894,1.3308,1.4699,1.3748,1.5153
AZ,Revenue,35.2516,35.3386,39.7199,43.128,
AZ,Tax revenue,14.6835,13.2786,13.0847,14.3416,
AZ,"Taxes on income, profits, & capital gains",5.2099,4.7572,4.3921,4.302,
AZ,Customs & other import duties,0.992,0.9989,1.1006,1.3529,
AZ,Taxes on payroll & workforce,0.0,0.0,0.0,0.0,
AZ,Taxes on property,0.3949,0.3473,0.309,0.3376,
AZ,Taxes on goods & services,7.8949,6.8981,7.0528,8.0558,
AZ,Taxes on int trade & transactions,1.1838,1.276,1.3307,1.6461,
AZ,Social contributions,3.1791,2.9653,2.9055,3.6507,
AZ,Grants revenue,0.0,0.0,0.0065,0.0,
AZ,Grants revenue from foreign govts,0.0,0.0,0.0,0.0,
AZ,Grants revenue from int orgs,0.0,0.0,0.0,0.0,
AZ,Grants revenue from other gen govt,0.0,0.0,0.0065,0.0,
AZ,Other revenue,17.3889,19.0947,23.7232,25.1357,
MN,Revenue,25.2218,29.3429,33.3672,35.7223,33.4344
MN,Tax revenue,14.6845,17.2138,20.3399,20.5497,17.655
MN,"Taxes on income, profits, & capital gains",4.3577,5.787,7.4523,7.8483,6.0398
MN,Customs & other import duties,1.3714,1.8379,2.1093,2.1195,1.9988
MN,Taxes on payroll & workforce,0.0,0.0,0.0,0.0,0.0
MN,Taxes on property,0.4371,0.4704,0.4356,0.4141,0.4191
MN,Taxes on goods & services,8.2658,8.5305,9.8473,9.7819,8.8688
MN,Taxes on int trade & transactions,1.372,2.0686,2.1114,2.1195,1.9991
MN,Social contributions,5.4924,5.5388,5.5869,6.0703,5.0629
MN,Grants revenue,0.3224,0.2218,0.132,0.0893,0.28
MN,Grants revenue from foreign govts,0.3224,0.2218,0.132,0.0893,0.28
MN,Grants revenue from int orgs,0.0,0.0,0.0,0.0,0.0
MN,Grants revenue from other gen govt,0.0,0.0,-0.0,0.0,0.0001
MN,Other revenue,4.7226,6.3685,7.3085,9.013,10.4365
MM,Revenue,19.0673,18.5967,7.9585,16.3879,
MM,Tax revenue,7.8395,6.7032,3.0428,6.5819,
MM,"Taxes on income, profits, & capital gains",2.5676,2.3398,0.8347,2.0932,
MM,Customs & other import duties,0.647,0.5925,0.2863,0.4417,
MM,Taxes on payroll & workforce,0.0,0.0,0.0,0.0,
MM,Taxes on property,0.0494,0.0485,0.0145,0.0349,
MM,Taxes on goods & services,4.4996,3.6318,1.8756,3.9556,
MM,Taxes on int trade & transactions,0.647,0.5925,0.2863,0.4417,
MM,Social contributions,0.0987,0.1005,0.0602,0.124,
MM,Grants revenue,0.4862,0.7873,0.1178,0.3951,
MM,Grants revenue from foreign govts,0.0,0.0,0.0,0.0,
MM,Grants revenue from int orgs,0.4862,0.7873,0.1178,0.3951,
MM,Grants revenue from other gen govt,0.0,0.0,0.0,0.0,
MM,Other revenue,10.6429,11.0057,4.7377,9.2869,
,Revenue,35.3958,38.6966,35.8763,,
,Tax revenue,30.0963,31.6946,29.1822,,
,"Taxes on income, profits, & capital gains",13.0665,12.7921,12.0711,,
,Customs & other import duties,8.922,11.4224,9.5965,,
,Taxes on payroll & workforce,0.0,0.0,0.0,,
,Taxes on property,0.0,0.0,0.0,,
,Taxes on goods & services,8.1078,7.4802,7.5146,,
,Taxes on int trade & transactions,8.922,11.4224,9.5965,,
,Social contributions,0.364,0.4017,0.343,,
,Grants revenue,0.101,0.0335,0.0397,,
,Grants revenue from foreign govts,0.101,0.0335,0.0397,,
,Grants revenue from int orgs,0.0,0.0,0.0,,
,Grants revenue from other gen govt,0.0,0.0,0.0,,
,Other revenue,4.8345,6.5667,6.3113,,
NP,Revenue,,,,24.5615,25.3314
NP,Tax revenue,,,,20.3313,19.0621
NP,"Taxes on income, profits, & capital gains",,,,4.8797,5.4821
NP,Customs & other import duties,,,,3.5504,3.0037
NP,Taxes on payroll & workforce,,,,0.1556,0.1662
NP,Taxes on property,,,,0.0028,0.9896
NP,Taxes on goods & services,,,,11.5188,9.2168
NP,Taxes on int trade & transactions,,,,3.714,3.1622
NP,Social contributions,,,,0.0,0.0
NP,Grants revenue,,,,0.7666,0.7684
NP,Grants revenue from foreign govts,,,,0.225,0.0006
NP,Grants revenue from int orgs,,,,0.5416,0.7678
NP,Grants revenue from other gen govt,,,,0.0,0.0
NP,Other revenue,,,,3.4636,5.501
NL,Revenue,42.8135,42.9227,42.8718,42.9579,43.0874
NL,Tax revenue,23.2995,24.4598,24.4044,25.3802,25.6358
NL,"Taxes on income, profits, & capital gains",10.446,11.6184,11.4691,12.1767,12.1396
NL,Customs & other import duties,0.0,0.0,0.0,0.0,0.0
NL,Taxes on payroll & workforce,0.0748,0.0771,0.0727,0.061,0.1994
NL,Taxes on property,1.1211,1.1108,1.1004,1.0523,1.1587
NL,Taxes on goods & services,10.5885,10.6006,10.7438,11.0962,11.1183
NL,Taxes on int trade & transactions,0.0,0.0,0.0,0.0,0.0
NL,Social contributions,15.1744,14.2973,14.4362,13.9166,14.0995
NL,Grants revenue,0.1273,0.1253,0.1233,0.1298,0.1289
NL,Grants revenue from foreign govts,0.0512,0.0423,0.0432,0.0428,0.0404
NL,Grants revenue from int orgs,0.0761,0.083,0.0801,0.087,0.0885
NL,Grants revenue from other gen govt,0.0,0.0,0.0,0.0,0.0
NL,Other revenue,4.2123,4.0403,3.9079,3.5312,3.2232
NZ,Revenue,36.3299,35.959,35.8084,36.523,35.6446
NZ,Tax revenue,29.9179,29.8555,29.9102,30.6026,29.9535
NZ,"Taxes on income, profits, & capital gains",17.1738,17.2979,17.3271,17.983,17.2352
NZ,Customs & other import duties,0.9158,0.8902,0.9047,0.879,0.9259
NZ,Taxes on payroll & workforce,0.0,0.0,0.0,0.0,0.0
NZ,Taxes on property,1.9819,1.941,1.933,1.954,2.026
NZ,Taxes on goods & services,9.8258,9.7055,9.7228,9.7641,9.7261
NZ,Taxes on int trade & transactions,0.9363,0.9108,0.9265,0.9001,0.9646
NZ,Social contributions,0.7685,0.7204,0.6582,0.6776,0.6721
NZ,Grants revenue,0.1068,0.0882,0.0955,0.0985,0.1026
NZ,Grants revenue from foreign govts,0.1068,0.0882,0.0955,0.0985,0.1026
NZ,Grants revenue from int orgs,0.0,0.0,0.0,0.0,0.0
NZ,Grants revenue from other gen govt,0.0,-0.0,0.0,0.0,0.0
NZ,Other revenue,5.5367,5.2948,5.1445,5.1443,4.9165
MK,Revenue,28.8963,29.3938,29.0719,30.76,29.8203
MK,Tax revenue,18.2726,18.4062,18.8037,18.4072,17.4202
MK,"Taxes on income, profits, & capital gains",4.246,4.3575,4.9682,4.4498,4.4473
MK,Customs & other import duties,0.7661,0.7996,0.8113,0.8555,1.0043
MK,Taxes on payroll & workforce,0.0,0.0,0.0,0.0,0.0
MK,Taxes on property,0.2149,0.2101,0.2285,0.2356,0.2223
MK,Taxes on goods & services,12.6934,12.7047,12.466,12.5476,11.4454
MK,Taxes on int trade & transactions,0.7661,0.7996,0.8113,0.8555,1.0043
MK,Social contributions,7.4199,7.5783,7.5232,8.8595,9.9605
MK,Grants revenue,0.5583,1.1831,0.4486,0.5335,0.3834
MK,Grants revenue from foreign govts,0.5583,1.1831,0.4486,0.5335,0.3834
MK,Grants revenue from int orgs,0.0,0.0,0.0,0.0,0.0
MK,Grants revenue from other gen govt,0.0,0.0,0.0,0.0,0.0
MK,Other revenue,2.6455,2.2263,2.2964,2.9598,2.0562
NO,Revenue,54.7552,54.6362,55.8621,57.1777,54.4269
NO,Tax revenue,28.3728,28.636,29.4721,29.6291,27.5998
NO,"Taxes on income, profits, & capital gains",14.8822,15.2802,16.5697,16.5159,13.8596
NO,Customs & other import duties,0.1017,0.0953,0.0879,0.0889,0.0969
NO,Taxes on payroll & workforce,0.0145,0.0714,0.0692,0.0703,0.0757
NO,Taxes on property,0.8668,0.8936,0.8519,0.891,0.9224
NO,Taxes on goods & services,12.497,12.2847,11.8825,12.0507,12.6329
NO,Taxes on int trade & transactions,0.1084,0.1023,0.0952,0.0979,0.1061
NO,Social contributions,10.8058,10.4588,10.2046,10.7289,11.3601
NO,Grants revenue,,,,,
NO,Grants revenue from foreign govts,0.0127,0.0112,0.0222,0.0442,0.0485
NO,Grants revenue from int orgs,,,,,
NO,Grants revenue from other gen govt,0.0,0.0,0.0,0.0,0.0
NO,Other revenue,,,,,
PW,Revenue,60.9269,59.0171,64.9751,65.7427,
PW,Tax revenue,19.7749,19.9094,21.1854,18.8971,
PW,"Taxes on income, profits, & capital gains",3.342,3.811,3.8313,3.9629,
PW,Customs & other import duties,5.1397,4.9046,5.2096,4.6862,
PW,Taxes on payroll & workforce,0.5676,0.5179,0.484,0.5245,
PW,Taxes on property,0.0449,0.0441,0.0428,0.0426,
PW,Taxes on goods & services,10.2701,10.0642,10.9643,9.2025,
PW,Taxes on int trade & transactions,5.2892,5.1901,5.4769,4.8988,
PW,Social contributions,10.1241,10.5093,12.0439,12.6222,
PW,Grants revenue,18.3904,15.1975,19.4217,20.3532,
PW,Grants revenue from foreign govts,18.3904,15.1975,19.4217,20.3532,
PW,Grants revenue from int orgs,0.0,0.0,0.0,0.0,
PW,Grants revenue from other gen govt,0.0,0.0,0.0,0.0,
PW,Other revenue,12.6375,13.4009,12.3242,13.8702,
PY,Revenue,18.9794,18.438,18.2794,18.2401,17.8339
PY,Tax revenue,10.1324,10.4862,10.6037,10.3934,9.8704
PY,"Taxes on income, profits, & capital gains",2.1559,2.3033,2.2814,2.5417,2.4885
PY,Customs & other import duties,0.8038,1.0076,1.0933,1.0234,0.8335
PY,Taxes on payroll & workforce,0.0,0.0,0.0,0.0,0.0
PY,Taxes on property,0.2781,0.2575,0.257,0.1869,0.1587
PY,Taxes on goods & services,6.6803,6.7095,6.7787,6.4328,6.2367
PY,Taxes on int trade & transactions,0.8038,1.0076,1.0933,1.0234,0.8335
PY,Social contributions,3.468,3.7008,3.5847,3.7127,3.7591
PY,Grants revenue,1.2066,0.1514,0.1201,0.1091,0.5859
PY,Grants revenue from foreign govts,0.0442,0.0738,0.0674,0.0701,0.1163
PY,Grants revenue from int orgs,1.1624,0.0776,0.0527,0.039,0.0452
PY,Grants revenue from other gen govt,0.0,0.0,0.0,0.0,0.4243
PY,Other revenue,4.1722,4.0996,3.9709,4.0249,3.6185
PT,Revenue,42.198,41.7481,42.224,41.9617,42.8834
PT,Tax revenue,24.8109,24.7864,25.1584,24.7232,24.6366
PT,"Taxes on income, profits, & capital gains",9.806,9.6323,9.8028,9.4515,9.7701
PT,Customs & other import duties,0.0,0.0,0.0,0.0,0.0
PT,Taxes on payroll & workforce,0.0,0.0,0.0,0.0,0.0
PT,Taxes on property,0.8247,0.8055,0.8123,0.8031,0.8259
PT,Taxes on goods & services,13.3133,13.4734,13.6553,13.5531,13.1093
PT,Taxes on int trade & transactions,0.0,0.0,0.0,0.0,0.0
PT,Social contributions,11.5879,11.5814,11.6284,11.8296,12.7972
PT,Grants revenue,1.0417,0.6585,0.685,0.6889,0.8645
PT,Grants revenue from foreign govts,0.0099,0.0131,0.0131,0.0155,0.0303
PT,Grants revenue from int orgs,1.0319,0.6454,0.672,0.6733,0.8342
PT,Grants revenue from other gen govt,0.0,0.0,0.0,0.0,0.0
PT,Other revenue,4.7575,4.7217,4.7523,4.72,4.5851
RO,Revenue,31.8433,30.7847,31.8949,31.7739,32.6988
RO,Tax revenue,17.7897,16.376,15.3323,15.4275,15.1267
RO,"Taxes on income, profits, & capital gains",6.0319,5.7188,4.5832,4.5332,4.4402
RO,Customs & other import duties,0.0006,0.0055,0.006,0.0065,0.0049
RO,Taxes on payroll & workforce,0.0,0.0,0.0,0.0,0.0
RO,Taxes on property,0.7291,0.599,0.5336,0.5117,0.5111
RO,Taxes on goods & services,10.9711,10.007,10.1661,10.3348,10.1357
RO,Taxes on int trade & transactions,0.0006,0.0055,0.006,0.0065,0.0049
RO,Social contributions,8.7748,9.3515,11.4108,11.3011,11.9732
RO,Grants revenue,,,,,
RO,Grants revenue from foreign govts,,,,,
RO,Grants revenue from int orgs,0.7166,0.8362,0.8886,0.9562,1.6619
RO,Grants revenue from other gen govt,0.0,0.0,0.0,0.0,0.0
RO,Other revenue,,,,,4.0452
RU,Revenue,36.4132,35.8122,38.4955,40.9043,38.9484
RU,Tax revenue,18.0419,19.1985,20.5111,20.0901,19.5762
RU,"Taxes on income, profits, & capital gains",6.3216,7.4993,7.7696,8.023,7.9888
RU,Customs & other import duties,0.6679,0.6397,0.6554,0.6774,0.6792
RU,Taxes on payroll & workforce,0.0,0.0,0.0,0.0,0.0
RU,Taxes on property,1.1654,1.2029,1.2231,1.0863,0.4907
RU,Taxes on goods & services,7.4774,7.6818,7.9553,8.2065,9.3405
RU,Taxes on int trade & transactions,3.0773,2.8143,3.5629,2.7736,1.7558
RU,Social contributions,8.0441,7.0385,7.2285,7.4149,7.7887
RU,Grants revenue,0.0,0.0,0.0,0.0003,0.0008
RU,Grants revenue from foreign govts,0.0,0.0,0.0,0.0,0.0
RU,Grants revenue from int orgs,0.0,0.0,0.0,0.0003,0.0008
RU,Grants revenue from other gen govt,-0.0,-0.0,0.0,-0.0,0.0
RU,Other revenue,10.3272,9.5752,10.7559,13.399,11.5827
RW,Revenue,26.7729,25.5464,26.3016,26.2215,27.1871
RW,Tax revenue,14.939,14.0626,14.8982,14.8019,15.1245
RW,"Taxes on income, profits, & capital gains",6.2543,5.8574,6.3483,6.3208,6.5931
RW,Customs & other import duties,1.0954,1.0483,1.1448,1.2016,1.2023
RW,Taxes on payroll & workforce,0.0,0.0,0.0,0.0,0.0007
RW,Taxes on property,0.0238,0.0079,0.0,0.0043,0.1069
RW,Taxes on goods & services,7.5529,6.8888,7.4051,7.2751,7.2205
RW,Taxes on int trade & transactions,1.108,1.0483,1.1448,1.2016,1.2034
RW,Social contributions,2.1024,2.0362,1.9481,1.9424,2.1851
RW,Grants revenue,6.1332,4.847,4.9753,4.7963,5.254
RW,Grants revenue from foreign govts,1.0492,0.933,0.7789,0.2027,0.2482
RW,Grants revenue from int orgs,5.084,3.914,4.0954,4.5601,5.0059
RW,Grants revenue from other gen govt,0.0,0.0,0.1011,0.0335,0.0
RW,Other revenue,3.5983,4.6007,4.48,4.6809,4.6235
WS,Revenue,32.6008,34.0282,35.9774,37.6888,43.4717
WS,Tax revenue,24.2508,24.9693,25.429,26.167,26.4
WS,"Taxes on income, profits, & capital gains",5.4717,5.5467,5.4793,5.8981,5.9748
WS,Customs & other import duties,2.6043,2.6022,2.7877,2.8434,2.5541
WS,Taxes on payroll & workforce,0.0,0.0,0.0,0.0,0.0
WS,Taxes on property,0.1373,0.1586,0.1256,0.035,0.0
WS,Taxes on goods & services,16.0375,16.6617,17.0365,17.3905,17.871
WS,Taxes on int trade & transactions,2.6043,2.6022,2.7877,2.8434,2.5541
WS,Social contributions,0.5492,0.5474,0.5499,0.5575,0.6108
WS,Grants revenue,2.1956,1.9755,2.9473,2.0577,8.2941
WS,Grants revenue from foreign govts,2.1748,1.9433,2.8993,2.0399,8.2751
WS,Grants revenue from int orgs,0.0208,0.0322,0.048,0.0178,0.019
WS,Grants revenue from other gen govt,0.0,0.0,0.0,0.0,0.0
WS,Other revenue,5.6052,6.5361,7.0511,8.9067,8.1669
SM,Revenue,42.3912,40.8356,41.1493,41.6502,41.5827
SM,Tax revenue,16.6895,16.4688,17.9568,16.9127,16.0282
SM,"Taxes on income, profits, & capital gains",6.5329,6.7934,7.0688,7.5651,7.4535
SM,Customs & other import duties,0.2005,0.1877,0.1551,0.1645,0.1602
SM,Taxes on payroll & workforce,0.0,0.0,0.0,0.0,0.0
SM,Taxes on property,0.6073,0.6081,1.8441,0.6743,0.7077
SM,Taxes on goods & services,8.9875,8.4685,8.432,8.0281,7.3085
SM,Taxes on int trade & transactions,0.2005,0.1877,0.1551,0.1645,0.1602
SM,Social contributions,13.2391,13.2639,13.2093,13.1996,13.083
SM,Grants revenue,-0.0,0.0,0.0,0.0,2.19
SM,Grants revenue from foreign govts,0.0,0.0,0.0,0.0,0.3414
SM,Grants revenue from int orgs,0.0,0.0,0.0,0.0,1.8486
SM,Grants revenue from other gen govt,0.0,0.0,0.0,0.0,-0.0
SM,Other revenue,12.4625,11.1028,9.9832,11.5378,10.2814
SA,Revenue,,,35.283,36.5702,36.0296
SA,Tax revenue,,,8.9257,7.4002,8.6393
SA,"Taxes on income, profits, & capital gains",,,0.5674,0.5786,0.6898
SA,Customs & other import duties,,,0.5476,0.5843,0.6762
SA,Taxes on payroll & workforce,,,0.0,0.0,0.0
SA,Taxes on property,,,0.0,0.0439,0.0166
SA,Taxes on goods & services,,,7.1145,5.1592,6.2217
SA,Taxes on int trade & transactions,,,0.5476,0.5843,0.6772
SA,Social contributions,,,2.8455,2.8478,3.3977
SA,Grants revenue,,,0.0,0.0,0.0001
SA,Grants revenue from foreign govts,,,0.0,0.0,0.0
SA,Grants revenue from int orgs,,,0.0,0.0,0.0
SA,Grants revenue from other gen govt,,,0.0,0.0,0.0001
SA,Other revenue,,,23.5118,26.3222,23.9924
SN,Revenue,22.2513,24.5115,24.5569,24.3339,22.5762
SN,Tax revenue,16.7555,16.3676,16.3756,18.5568,17.3787
SN,"Taxes on income, profits, & capital gains",4.5175,4.4875,4.6844,5.2656,5.265
SN,Customs & other import duties,2.1442,2.2768,2.5418,2.6769,2.3821
SN,Taxes on payroll & workforce,0.1875,0.1645,0.0586,0.31,0.0564
SN,Taxes on property,0.2735,0.3324,0.3351,0.0288,0.0579
SN,Taxes on goods & services,9.3193,8.8302,8.4164,9.9995,9.3727
SN,Taxes on int trade & transactions,2.1442,2.2768,2.5418,2.6769,2.3821
SN,Social contributions,1.0509,1.0933,1.154,1.1947,1.0856
SN,Grants revenue,0.9949,2.6041,4.6716,2.7914,2.2921
SN,Grants revenue from foreign govts,0.8302,1.8481,0.0,1.5943,2.2317
SN,Grants revenue from int orgs,0.1646,0.7561,4.6716,1.1971,0.0604
SN,Grants revenue from other gen govt,0.0001,-0.0,0.0,0.0,0.0
SN,Other revenue,3.4501,4.4465,2.3558,1.791,1.8198
RS,Revenue,46.878,46.857,47.3033,48.3671,47.5807
RS,Tax revenue,24.6691,25.4133,24.9776,25.3901,24.9649
RS,"Taxes on income, profits, & capital gains",5.6843,6.3196,6.1823,6.3516,6.0059
RS,Customs & other import duties,0.8044,0.8341,0.8604,0.8877,0.9503
RS,Taxes on payroll & workforce,0.0001,0.0001,0.0,0.0002,0.0
RS,Taxes on property,0.7694,0.7905,0.8094,0.8231,0.8486
RS,Taxes on goods & services,17.4107,17.4691,17.1254,17.3274,17.16
RS,Taxes on int trade & transactions,0.8045,0.8341,0.8604,0.8877,0.9503
RS,Social contributions,11.6632,11.9277,12.2299,12.6069,13.6038
RS,Grants revenue,0.1435,0.2679,1.0167,1.2496,0.5093
RS,Grants revenue from foreign govts,0.2528,0.3031,0.3203,0.3809,0.2232
RS,Grants revenue from int orgs,0.0,0.0,0.0,0.0,0.0
RS,Grants revenue from other gen govt,-0.1093,-0.0351,0.6964,0.8687,0.286
RS,Other revenue,10.4023,9.2481,9.0791,9.1205,8.5028
SC,Revenue,37.7167,36.1273,38.9739,,
SC,Tax revenue,31.715,31.9878,33.3067,,
SC,"Taxes on income, profits, & capital gains",11.1055,11.3283,12.6538,,
SC,Customs & other import duties,1.9223,1.3869,1.4797,,
SC,Taxes on payroll & workforce,0.0,0.0,0.0,,
SC,Taxes on property,0.0,0.0,0.587,,
SC,Taxes on goods & services,18.1602,18.8386,18.5862,,
SC,Taxes on int trade & transactions,1.9223,1.3869,1.4797,,
SC,Social contributions,0.0,0.0,0.0,,
SC,Grants revenue,1.254,0.9017,1.3053,,
SC,Grants revenue from foreign govts,0.0,0.0,0.0,,
SC,Grants revenue from int orgs,1.254,0.9017,1.3053,,
SC,Grants revenue from other gen govt,0.0,0.0,0.0,,
SC,Other revenue,4.7477,3.2378,4.3619,,
SG,Revenue,18.4836,20.1842,18.2332,21.0406,18.5568
SG,Tax revenue,13.3212,13.9871,13.0451,13.2395,13.0873
SG,"Taxes on income, profits, & capital gains",5.9817,6.7531,6.0676,6.3651,7.0307
SG,Customs & other import duties,0.0,0.0,0.0,0.0,0.0
SG,Taxes on payroll & workforce,0.0,0.0,0.0,0.0,0.0
SG,Taxes on property,0.99,0.9364,0.9168,0.9323,0.6668
SG,Taxes on goods & services,4.2325,3.9934,3.8451,3.8114,3.7908
SG,Taxes on int trade & transactions,0.0,0.0,0.0,0.0,0.0
SG,Social contributions,0.0,0.0,0.0,0.0,0.0
SG,Grants revenue,0.0,0.0,0.0,0.0,0.0
SG,Grants revenue from foreign govts,0.0,0.0,0.0,0.0,0.0
SG,Grants revenue from int orgs,0.0,0.0,0.0,0.0,0.0
SG,Grants revenue from other gen govt,0.0,0.0,0.0,0.0,0.0
SG,Other revenue,5.1623,6.1971,5.1881,7.8011,5.4695
SK,Revenue,40.0767,38.0752,38.3119,38.8702,39.7066
SK,Tax revenue,18.6567,19.1177,19.1362,19.2308,19.4458
SK,"Taxes on income, profits, & capital gains",7.0032,7.0532,7.1288,7.059,7.1145
SK,Customs & other import duties,0.0001,0.0,0.0,0.0,0.0
SK,Taxes on payroll & workforce,0.0,0.0,0.0,0.0,0.0
SK,Taxes on property,0.4292,0.4269,0.4131,0.4021,0.4782
SK,Taxes on goods & services,11.2242,11.6376,11.5943,11.7697,11.8531
SK,Taxes on int trade & transactions,0.0001,0.0,0.0,0.0,0.0
SK,Social contributions,14.3818,14.7947,14.9363,15.2446,15.8371
SK,Grants revenue,,,,,
SK,Grants revenue from foreign govts,,,,,
SK,Grants revenue from int orgs,,0.6526,0.9031,0.829,1.4104
SK,Grants revenue from other gen govt,0.0,0.0,0.0,0.0,0.0
SK,Other revenue,,,,,
SI,Revenue,44.2437,44.017,44.2477,43.7548,43.6103
SI,Tax revenue,22.068,21.7206,21.8731,21.5258,20.5701
SI,"Taxes on income, profits, & capital gains",6.8399,6.8751,7.3006,7.2414,7.3166
SI,Customs & other import duties,0.0,0.0,0.0,0.0,0.0
SI,Taxes on payroll & workforce,0.0489,0.0496,0.0472,0.0479,0.0461
SI,Taxes on property,0.5508,0.5474,0.5152,0.5256,0.5433
SI,Taxes on goods & services,14.6085,14.2292,13.9916,13.6922,12.6436
SI,Taxes on int trade & transactions,0.0,0.0,0.0,0.0,0.0
SI,Social contributions,15.6702,15.6864,15.7129,15.9577,17.1746
SI,Grants revenue,,,,,
SI,Grants revenue from foreign govts,,,,,
SI,Grants revenue from int orgs,0.1632,0.3348,0.5266,0.5498,0.6247
SI,Grants revenue from other gen govt,0.0,0.0,0.0,0.0,0.0
SI,Other revenue,,,,,
SO,Revenue,,7.4817,8.0095,9.6631,12.3602
SO,Tax revenue,,4.41,5.1202,5.0268,4.5329
SO,"Taxes on income, profits, & capital gains",,0.0929,0.1994,0.2387,0.2553
SO,Customs & other import duties,,2.8084,2.8352,2.5812,2.0529
SO,Taxes on payroll & workforce,,0.0552,0.0667,0.1133,0.1934
SO,Taxes on property,,0.0034,0.0195,0.0329,0.0546
SO,Taxes on goods & services,,1.2802,1.7916,1.4427,1.1871
SO,Taxes on int trade & transactions,,2.9713,3.0372,3.0795,2.8424
SO,Social contributions,,0.0,0.0,0.0,0.0
SO,Grants revenue,,2.5776,2.3192,3.1949,6.0939
SO,Grants revenue from foreign govts,,1.3711,0.635,0.7393,0.3069
SO,Grants revenue from int orgs,,1.2065,1.6842,2.4557,5.787
SO,Grants revenue from other gen govt,,0.0,0.0,0.0,0.0
SO,Other revenue,,0.4941,0.5702,1.4414,1.7334
ZA,Revenue,34.9429,46.1215,34.1458,34.8919,34.2891
ZA,Tax revenue,26.2493,26.1935,26.4394,26.5189,25.138
ZA,"Taxes on income, profits, & capital gains",13.9619,14.0149,13.7885,13.7855,13.008
ZA,Customs & other import duties,0.9395,0.9679,1.027,0.9705,0.8327
ZA,Taxes on payroll & workforce,0.3218,0.3153,0.3255,0.3298,0.2219
ZA,Taxes on property,1.193,1.2115,1.2983,1.3327,1.4696
ZA,Taxes on goods & services,9.8218,9.6688,9.9872,10.0855,9.5996
ZA,Taxes on int trade & transactions,0.9505,0.9834,1.0401,0.9852,0.8386
ZA,Social contributions,0.5696,0.5191,0.5408,0.5924,0.3842
ZA,Grants revenue,0.1604,11.6291,0.1351,0.1851,0.1806
ZA,Grants revenue from foreign govts,0.038,0.0283,0.0273,0.031,0.028
ZA,Grants revenue from int orgs,0.0164,0.0106,0.0044,0.0,0.0006
ZA,Grants revenue from other gen govt,0.1061,11.5902,0.1034,0.1541,0.152
ZA,Other revenue,7.9636,7.7798,7.0306,7.5955,8.5864
ES,Revenue,37.4842,37.5354,38.56,38.5822,40.7169
ES,Tax revenue,22.024,22.1817,22.7753,22.3125,22.8568
ES,"Taxes on income, profits, & capital gains",9.5083,9.7033,10.2179,10.0254,10.7876
ES,Customs & other import duties,0.0087,0.0086,0.0081,0.0078,0.0074
ES,Taxes on payroll & workforce,0.0,0.0,0.0,0.0,0.0
ES,Taxes on property,1.9101,1.8057,1.764,1.7056,1.7892
ES,Taxes on goods & services,10.5969,10.6641,10.7853,10.5737,10.2726
ES,Taxes on int trade & transactions,0.0087,0.0086,0.0081,0.0078,0.0074
ES,Social contributions,12.1717,12.2587,12.4204,12.9106,14.4583
ES,Grants revenue,0.2765,0.3216,0.5527,0.4188,0.4917
ES,Grants revenue from foreign govts,0.0,0.0,0.0,0.0,0.0
ES,Grants revenue from int orgs,0.2765,0.3216,0.5527,0.4188,0.4917
ES,Grants revenue from other gen govt,0.0,0.0,0.0,0.0,0.0
ES,Other revenue,3.012,2.7734,2.8115,2.9403,2.9101
BY,Revenue,42.1508,43.515,44.6787,43.1754,40.762
BY,Tax revenue,25.121,24.166,25.0646,23.8003,22.2756
BY,"Taxes on income, profits, & capital gains",6.8501,7.1136,7.146,7.4163,6.677
BY,Customs & other import duties,1.0099,1.0676,1.0396,1.036,1.059
BY,Taxes on payroll & workforce,0.0,0.0,0.0,0.0,0.0
BY,Taxes on property,1.6771,1.5276,1.4202,1.1929,0.9492
BY,Taxes on goods & services,12.8227,12.0342,11.8909,11.5649,11.7472
BY,Taxes on int trade & transactions,3.6143,3.3539,4.4977,3.5234,2.8048
BY,Social contributions,10.6276,10.406,10.5556,10.8103,10.9458
BY,Grants revenue,0.2568,1.1987,1.738,1.3345,0.4002
BY,Grants revenue from foreign govts,0.256,1.1862,1.7273,1.3176,0.382
BY,Grants revenue from int orgs,0.0008,0.0124,0.0108,0.0169,0.0181
BY,Grants revenue from other gen govt,0.0,0.0,0.0,0.0,0.0
BY,Other revenue,6.1453,7.7444,7.3205,7.2303,7.1405
BE,Revenue,50.0264,50.6127,50.6311,49.4129,50.001
BE,Tax revenue,30.1271,30.7426,30.9412,29.8012,29.8214
BE,"Taxes on income, profits, & capital gains",15.5107,16.1619,16.2915,15.2442,15.4526
BE,Customs & other import duties,0.0,0.0,0.0,0.0,0.0
BE,Taxes on payroll & workforce,0.0,0.0,0.0,0.0,0.0
BE,Taxes on property,2.1913,2.1714,2.168,2.1115,2.1429
BE,Taxes on goods & services,12.4199,12.4043,12.4767,12.4406,12.2207
BE,Taxes on int trade & transactions,0.0,0.0,0.0,0.0,0.0
BE,Social contributions,15.7184,15.6596,15.4878,15.4459,16.1618
BE,Grants revenue,0.1189,0.1213,0.1343,0.1497,0.1522
BE,Grants revenue from foreign govts,0.0178,0.0226,0.0292,0.0286,0.0294
BE,Grants revenue from int orgs,0.1011,0.0987,0.1051,0.1211,0.1228
BE,Grants revenue from other gen govt,0.0,0.0,0.0,0.0,0.0
BE,Other revenue,4.062,4.0892,4.0678,4.016,3.8655
UG,Revenue,12.4984,12.7696,12.4742,13.9372,13.6548
UG,Tax revenue,10.7328,11.0872,11.1154,11.5994,11.0995
UG,"Taxes on income, profits, & capital gains",3.6446,3.7507,3.6516,3.9251,4.0719
UG,Customs & other import duties,1.2479,1.2555,1.3381,1.337,1.1559
UG,Taxes on payroll & workforce,0.0,0.0,0.0,0.0,0.0
UG,Taxes on property,0.0097,0.0151,0.0144,0.0044,0.007
UG,Taxes on goods & services,5.7439,5.9588,6.0311,6.2353,5.774
UG,Taxes on int trade & transactions,1.2631,1.2678,1.3479,1.3518,1.1663
UG,Social contributions,0.0,0.0,0.0,0.0,0.0
UG,Grants revenue,0.8971,0.9047,0.5567,1.4808,1.0765
UG,Grants revenue from foreign govts,1.2641,0.8325,0.0,0.0,0.0
UG,Grants revenue from int orgs,0.0,0.2106,0.7382,1.4062,0.9007
UG,Grants revenue from other gen govt,-0.367,-0.1384,-0.1815,0.0746,0.1758
UG,Other revenue,0.8685,0.7778,0.8021,0.8571,1.4788
UA,Revenue,38.4784,40.2408,39.52,39.3728,39.9209
UA,Tax revenue,25.1424,25.819,26.0288,25.4412,25.6056
UA,"Taxes on income, profits, & capital gains",8.3427,8.6855,9.4397,9.8757,9.8662
UA,Customs & other import duties,0.8385,0.8012,0.746,0.7507,0.7205
UA,Taxes on payroll & workforce,0.0,0.0,0.0,0.0,0.0
UA,Taxes on property,0.4091,0.4131,0.3882,0.4654,0.4479
UA,Taxes on goods & services,14.7859,15.0757,14.6742,13.4386,13.6506
UA,Taxes on int trade & transactions,0.8845,0.8373,0.7863,0.7748,0.7337
UA,Social contributions,5.7167,6.2133,6.5511,7.0138,7.1588
UA,Grants revenue,0.18,0.0583,0.0472,0.033,0.0316
UA,Grants revenue from foreign govts,0.004,0.0036,0.0034,0.0032,0.0035
UA,Grants revenue from int orgs,0.176,0.0547,0.0438,0.0298,0.0281
UA,Grants revenue from other gen govt,-0.0,0.0,0.0,0.0,0.0
UA,Other revenue,7.4392,8.1503,6.8928,6.8848,7.1249
AE,Revenue,30.7398,28.3281,30.81,31.0967,27.912
AE,Tax revenue,8.2813,11.4574,13.739,14.9156,11.4712
AE,"Taxes on income, profits, & capital gains",0.8828,0.9553,0.9546,0.8564,8.5508
AE,Customs & other import duties,0.7707,0.6563,0.514,0.5252,0.5094
AE,Taxes on payroll & workforce,0.0,0.0,0.0,0.0,0.0
AE,Taxes on property,0.0168,0.0178,0.0167,0.013,0.0065
AE,Taxes on goods & services,6.5742,9.795,12.2212,13.4872,2.3742
AE,Taxes on int trade & transactions,0.78,0.6598,0.5157,0.528,0.5105
AE,Social contributions,0.3608,0.3264,0.3119,0.2992,0.9794
AE,Grants revenue,0.0,0.0,0.0,0.0,0.0
AE,Grants revenue from foreign govts,0.0,0.0,0.0,0.0,0.0
AE,Grants revenue from int orgs,0.0,0.0,0.0,0.0,0.0
AE,Grants revenue from other gen govt,0.0,0.0,0.0,0.0,0.0
AE,Other revenue,22.0978,16.5442,16.7591,15.882,15.4614
GB,Revenue,36.0379,36.6357,36.5417,36.2234,36.3468
GB,Tax revenue,26.5716,26.8762,26.8198,26.522,26.0082
GB,"Taxes on income, profits, & capital gains",11.506,11.6818,11.6009,11.3723,11.7089
GB,Customs & other import duties,0.0,0.0,0.0,0.0,0.0
GB,Taxes on payroll & workforce,0.0,0.0878,0.1198,0.1226,0.1345
GB,Taxes on property,3.1538,3.1859,3.2348,3.2172,3.0496
GB,Taxes on goods & services,11.7087,11.7441,11.6802,11.6301,10.9556
GB,Taxes on int trade & transactions,0.0,0.0,0.0,0.0012,0.0115
GB,Social contributions,6.1314,6.2929,6.298,6.4395,6.7949
GB,Grants revenue,0.0147,0.0181,0.0068,0.0051,0.0034
GB,Grants revenue from foreign govts,0.0069,0.0051,0.004,0.0018,0.0
GB,Grants revenue from int orgs,0.0078,0.013,0.0028,0.0033,0.0034
GB,Grants revenue from other gen govt,0.0,0.0,0.0,0.0,0.0
GB,Other revenue,3.3202,3.4485,3.4171,3.2568,3.5402
US,Revenue,31.1794,32.088,30.0745,30.1388,30.6702
US,Tax revenue,19.7085,20.6304,18.8108,19.0727,19.3657
US,"Taxes on income, profits, & capital gains",12.3727,12.0038,11.3667,11.6171,11.7113
US,Customs & other import duties,0.2008,0.1977,0.2596,0.3638,0.3285
US,Taxes on payroll & workforce,0.0101,0.0102,0.0104,0.0106,0.0162
US,Taxes on property,2.9217,4.2303,2.8909,2.9568,3.1161
US,Taxes on goods & services,4.1734,4.159,4.2505,4.0878,4.1538
US,Taxes on int trade & transactions,0.2008,0.1977,0.2596,0.3638,0.3285
US,Social contributions,6.6561,6.6943,6.6539,6.675,7.0094
US,Grants revenue,0.0044,0.0041,0.0035,0.006,0.0036
US,Grants revenue from foreign govts,0.0044,0.0041,0.0035,0.006,0.0036
US,Grants revenue from int orgs,0.0,0.0,0.0,0.0,0.0
US,Grants revenue from other gen govt,0.0,0.0,0.0,0.0,0.0
US,Other revenue,4.8103,4.7592,4.6063,4.3851,4.2915
AL,Revenue,26.4543,27.7899,27.4959,27.4084,26.4761
AL,Tax revenue,18.3336,19.7904,19.6015,19.3876,18.4991
AL,"Taxes on income, profits, & capital gains",2.9464,4.1305,4.3591,4.7764,3.8595
AL,Customs & other import duties,0.4167,0.4186,0.3801,0.386,0.3881
AL,Taxes on payroll & workforce,0.0,0.0,0.0,0.0,0.0
AL,Taxes on property,0.4167,0.5561,0.3369,0.3435,0.5491
AL,Taxes on goods & services,14.5307,14.666,14.4909,13.8484,13.671
AL,Taxes on int trade & transactions,0.4195,0.4201,0.3822,0.3884,0.3909
AL,Social contributions,5.2037,5.4907,5.5632,5.7429,5.9503
AL,Grants revenue,1.0292,0.7383,0.5249,0.5526,0.5668
AL,Grants revenue from foreign govts,0.0836,0.0174,0.0121,0.0172,0.0113
AL,Grants revenue from int orgs,0.9456,0.7209,0.5128,0.5354,0.5554
AL,Grants revenue from other gen govt,0.0,0.0,0.0,-0.0,0.0
AL,Other revenue,1.8878,1.7706,1.8063,1.7254,1.4599
BA,Revenue,42.7015,42.9602,43.0637,42.5493,43.4322
BA,Tax revenue,22.6106,22.7914,22.9889,22.7055,22.1614
BA,"Taxes on income, profits, & capital gains",3.2913,3.6634,3.7468,3.5823,3.6504
BA,Customs & other import duties,0.0132,0.0,0.0,0.002,0.0
BA,Taxes on payroll & workforce,0.0,0.0,0.0,0.0,0.0
BA,Taxes on property,0.4055,0.3694,0.3579,0.3607,0.3477
BA,Taxes on goods & services,18.7567,18.6203,18.7599,18.6182,17.9886
BA,Taxes on int trade & transactions,0.0132,0.0,0.0158,0.0174,0.0172
BA,Social contributions,14.9622,15.0886,15.0753,15.1453,16.2041
BA,Grants revenue,0.1097,0.1279,0.1343,0.2932,0.2232
BA,Grants revenue from foreign govts,0.0862,0.0971,0.1184,0.2645,0.1966
BA,Grants revenue from int orgs,0.0234,0.0286,0.0159,0.0287,0.0266
BA,Grants revenue from other gen govt,-0.0,0.0022,0.0,0.0,0.0
BA,Other revenue,5.019,4.9523,4.8653,4.4053,4.8435
BR,Revenue,41.0095,39.7914,40.501,41.6753,38.7551
BR,Tax revenue,23.0636,23.1329,23.6738,23.607,23.0474
BR,"Taxes on income, profits, & capital gains",7.2288,6.965,7.0064,7.2307,7.0702
BR,Customs & other import duties,0.4994,0.4902,0.5793,0.5784,0.6132
BR,Taxes on payroll & workforce,0.3539,0.3452,0.3484,0.3272,0.3124
BR,Taxes on property,1.4783,1.4996,1.5434,1.591,1.6343
BR,Taxes on goods & services,13.5009,13.8318,14.1943,13.8784,13.4167
BR,Taxes on int trade & transactions,0.5016,0.4912,0.5811,0.5796,0.6139
BR,Social contributions,10.854,11.0166,10.8245,10.9495,10.7296
BR,Grants revenue,0.0004,0.0006,0.0012,0.0001,0.0024
BR,Grants revenue from foreign govts,0.0,0.0,0.0,0.0,0.0
BR,Grants revenue from int orgs,0.0004,0.0006,0.0012,0.0001,0.0024
BR,Grants revenue from other gen govt,0.0,0.0,0.0,0.0,0.0
BR,Other revenue,7.0916,5.6413,6.0015,7.1186,4.9757
BG,Revenue,35.1712,36.5347,38.7468,37.8122,38.2439
BG,Tax revenue,21.3005,21.4952,20.8456,21.4498,21.503
BG,"Taxes on income, profits, & capital gains",5.4115,5.7009,5.6303,5.6779,5.7461
BG,Customs & other import duties,0.0144,0.0137,0.0144,0.0111,0.009
BG,Taxes on payroll & workforce,0.0277,0.0291,0.0308,0.0145,0.024
BG,Taxes on property,0.5881,0.5763,0.5616,0.5439,0.5706
BG,Taxes on goods & services,15.081,15.0044,14.4333,15.0427,14.9882
BG,Taxes on int trade & transactions,0.0144,0.0137,0.0144,0.0111,0.009
BG,Social contributions,7.7468,8.2628,8.6694,8.8615,9.2755
BG,Grants revenue,,,,,
BG,Grants revenue from foreign govts,,,,,
BG,Grants revenue from int orgs,,,,,
BG,Grants revenue from other gen govt,0.0,0.0,0.0,0.0,0.0
BG,Other revenue,,,,,
CV,Revenue,35.5097,,,,
CV,Tax revenue,19.3408,,,,
CV,"Taxes on income, profits, & capital gains",5.82,,,,
CV,Customs & other import duties,4.1094,,,,
CV,Taxes on payroll & workforce,0.0,,,,
CV,Taxes on property,0.6932,,,,
CV,Taxes on goods & services,8.7137,,,,
CV,Taxes on int trade & transactions,4.1094,,,,
CV,Social contributions,5.7061,,,,
CV,Grants revenue,2.9296,,,,
CV,Grants revenue from foreign govts,2.6624,,,,
CV,Grants revenue from int orgs,0.0242,,,,
CV,Grants revenue from other gen govt,0.243,,,,
CV,Other revenue,7.5332,,,,
KH,Revenue,,,,27.7078,
KH,Tax revenue,,,,21.6534,
KH,"Taxes on income, profits, & capital gains",,,,4.9698,
KH,Customs & other import duties,,,,2.589,
KH,Taxes on payroll & workforce,,,,0.0,
KH,Taxes on property,,,,0.1469,
KH,Taxes on goods & services,,,,13.8889,
KH,Taxes on int trade & transactions,,,,2.6333,
KH,Social contributions,,,,0.5065,
KH,Grants revenue,,,,2.0006,
KH,Grants revenue from foreign govts,,,,0.2619,
KH,Grants revenue from int orgs,,,,1.7386,
KH,Grants revenue from other gen govt,,,,-0.0,
KH,Other revenue,,,,3.5473,
CA,Revenue,40.3553,40.397,41.0757,40.7144,41.7113
CA,Tax revenue,28.5499,28.6263,29.0338,28.6597,29.697
CA,"Taxes on income, profits, & capital gains",16.1127,16.1074,16.6216,16.3405,17.3372
CA,Customs & other import duties,,,,,
CA,Taxes on payroll & workforce,0.6755,0.6681,0.665,0.7524,0.7867
CA,Taxes on property,3.9232,3.8681,3.7962,3.7481,4.0057
CA,Taxes on goods & services,7.5648,7.7174,7.6502,7.5779,7.3818
CA,Taxes on int trade & transactions,0.269,0.2608,0.2965,0.2371,0.1818
CA,Social contributions,4.8202,4.5571,4.583,4.6238,4.8198
CA,Grants revenue,0.0554,0.0539,0.0535,0.056,0.0645
CA,Grants revenue from foreign govts,,,,,
CA,Grants revenue from int orgs,,,,,
CA,Grants revenue from other gen govt,,,,,
CA,Other revenue,6.9298,7.1597,7.4055,7.3749,7.1301
CL,Revenue,22.6315,22.9853,23.9651,23.6489,22.0499
CL,Tax revenue,18.9548,19.0463,19.9164,19.5028,17.9246
CL,"Taxes on income, profits, & capital gains",7.034,7.7287,8.0793,8.2145,3.7014
CL,Customs & other import duties,0.1818,0.1714,0.1814,0.1637,0.1339
CL,Taxes on payroll & workforce,0.0,0.0,0.0,0.0,0.0
CL,Taxes on property,0.6794,0.6845,0.7086,0.7522,0.94
CL,Taxes on goods & services,11.2039,11.4924,11.2704,11.1737,10.743
CL,Taxes on int trade & transactions,0.1818,0.1714,0.1814,0.1637,0.1339
CL,Social contributions,1.4407,1.4623,1.4605,1.5246,1.5503
CL,Grants revenue,0.0014,0.0022,0.0031,0.001,0.0001
CL,Grants revenue from foreign govts,0.0013,0.0022,0.0031,0.001,0.0001
CL,Grants revenue from int orgs,0.0001,0.0,0.0,0.0,0.0
CL,Grants revenue from other gen govt,0.0,0.0,0.0,0.0,0.0
CL,Other revenue,2.2346,2.4744,2.5851,2.6205,2.5748
HK,Revenue,24.6045,25.7857,23.7883,23.3088,23.3505
HK,Tax revenue,13.5751,14.3104,13.8074,13.252,14.0507
HK,"Taxes on income, profits, & capital gains",8.1587,7.753,8.3268,8.2957,7.9056
HK,Customs & other import duties,0.0361,0.0376,0.0247,0.0141,0.015
HK,Taxes on payroll & workforce,0.0,0.0,0.0,0.0,0.0
HK,Taxes on property,0.9757,0.9588,0.7336,0.8718,1.3157
HK,Taxes on goods & services,4.3002,5.4594,4.6201,3.9897,4.8144
HK,Taxes on int trade & transactions,0.0361,0.0376,0.0247,0.0141,0.015
HK,Social contributions,0.0,0.0,0.0,0.0,0.0
HK,Grants revenue,0.0,0.0,0.0,0.0,0.0
HK,Grants revenue from foreign govts,0.0,0.0,0.0,0.0,0.0
HK,Grants revenue from int orgs,0.0,0.0,0.0,0.0,0.0
HK,Grants revenue from other gen govt,0.0,0.0,0.0,0.0,0.0
HK,Other revenue,11.0295,11.4754,9.9809,10.0568,9.2998
MO,Revenue,30.2247,31.8751,31.3186,32.8512,28.9154
MO,Tax revenue,27.7663,28.9951,29.377,29.7395,22.7338
MO,"Taxes on income, profits, & capital gains",2.1388,1.9695,1.7549,2.1522,4.6255
MO,Customs & other import duties,0.0,0.0,0.0,0.0,0.0
MO,Taxes on payroll & workforce,0.0,0.0,0.0,0.0,0.0
MO,Taxes on property,0.2764,0.2605,0.2421,0.2378,0.4151
MO,Taxes on goods & services,25.182,26.5913,27.2071,27.2141,17.4452
MO,Taxes on int trade & transactions,0.0,0.0,0.0,0.0,0.0
MO,Social contributions,0.0531,0.0946,0.0874,0.1069,0.2467
MO,Grants revenue,0.0,0.0,0.0,0.0,0.0
MO,Grants revenue from foreign govts,0.0,0.0,0.0,0.0,0.0
MO,Grants revenue from int orgs,0.0,0.0,0.0,0.0,0.0
MO,Grants revenue from other gen govt,0.0,0.0,0.0,0.0,0.0
MO,Other revenue,2.4052,2.7853,1.8542,3.0047,5.9348
CN,Revenue,28.1596,27.81,28.1478,27.2682,24.5405
CN,Tax revenue,18.8891,18.8458,18.5238,17.2766,16.2696
CN,"Taxes on income, profits, & capital gains",5.22,5.3178,5.372,4.814,4.6795
CN,Customs & other import duties,0.3555,0.3677,0.3164,0.2967,0.2553
CN,Taxes on payroll & workforce,0.0,0.0,0.0,0.0,0.0
CN,Taxes on property,1.5282,1.4839,1.4269,1.405,1.3232
CN,Taxes on goods & services,11.426,11.2201,11.1196,10.5105,9.7559
CN,Taxes on int trade & transactions,0.3555,0.3677,0.3164,0.2967,0.2553
CN,Social contributions,4.8901,5.1168,6.2838,6.0554,4.7995
CN,Grants revenue,0.0,0.0,0.0,0.0,0.0
CN,Grants revenue from foreign govts,0.0,0.0,0.0,0.0,0.0
CN,Grants revenue from int orgs,0.0,0.0,0.0,0.0,0.0
CN,Grants revenue from other gen govt,0.0,0.0,0.0,0.0,0.0
CN,Other revenue,4.3804,3.8474,3.3403,3.9362,3.4714
CO,Revenue,29.0411,27.9862,29.1022,31.5414,29.4636
CO,Tax revenue,17.6278,18.4117,18.1523,18.7437,17.7334
CO,"Taxes on income, profits, & capital gains",6.3849,7.0683,7.1933,6.4632,6.3176
CO,Customs & other import duties,0.4683,0.412,0.3602,0.3612,0.3214
CO,Taxes on payroll & workforce,0.2459,0.3757,0.2793,0.2691,0.2743
CO,Taxes on property,1.4445,1.5191,1.1739,1.2858,1.3319
CO,Taxes on goods & services,8.7919,8.6643,8.8009,9.9962,9.2001
CO,Taxes on int trade & transactions,0.4849,0.4527,0.4013,0.4079,0.3403
CO,Social contributions,4.9079,1.9005,3.5277,3.6226,3.8365
CO,Grants revenue,0.0,0.0,0.0,0.0,0.0
CO,Grants revenue from foreign govts,0.0,0.0,0.0,0.0,0.0
CO,Grants revenue from int orgs,0.0,0.0,0.0,0.0,0.0
CO,Grants revenue from other gen govt,0.0,0.0,0.0,0.0,0.0
CO,Other revenue,6.5054,7.674,7.4222,9.175,7.8936
CR,Revenue,24.7201,24.4415,24.9816,25.7504,24.9768
CR,Tax revenue,14.205,13.975,13.8807,14.1598,13.0952
CR,"Taxes on income, profits, & capital gains",3.9382,4.0635,4.2197,4.4159,4.0689
CR,Customs & other import duties,0.5788,0.5217,0.4869,0.4364,0.4154
CR,Taxes on payroll & workforce,0.0,0.0,0.0,0.0,0.0
CR,Taxes on property,0.8572,0.8741,0.9126,1.0365,0.8769
CR,Taxes on goods & services,7.8167,7.5136,7.27,7.365,7.1079
CR,Taxes on int trade & transactions,1.3999,1.3506,1.3219,1.2849,1.0255
CR,Social contributions,8.6399,8.3974,8.661,8.6954,8.8545
CR,Grants revenue,0.0003,0.005,0.0003,0.0014,0.0072
CR,Grants revenue from foreign govts,0.0003,0.005,0.0002,0.0004,0.0001
CR,Grants revenue from int orgs,0.0,0.0,0.0002,0.001,0.0071
CR,Grants revenue from other gen govt,0.0,0.0,-0.0,-0.0,-0.0
CR,Other revenue,1.8748,2.064,2.4396,2.8938,3.0199
CI,Revenue,,,14.2343,14.6683,14.4968
CI,Tax revenue,,,11.8056,12.0704,12.1358
CI,"Taxes on income, profits, & capital gains",,,3.2501,3.1231,3.1542
CI,Customs & other import duties,,,1.6284,1.5759,1.4407
CI,Taxes on payroll & workforce,,,0.0,0.0699,0.0712
CI,Taxes on property,,,0.5419,0.5687,0.534
CI,Taxes on goods & services,,,4.8078,4.9377,5.3455
CI,Taxes on int trade & transactions,,,3.1579,3.3028,2.962
CI,Social contributions,,,0.8701,0.8863,0.8884
CI,Grants revenue,,,0.9096,0.9652,0.7371
CI,Grants revenue from foreign govts,,,0.4927,0.7761,0.209
CI,Grants revenue from int orgs,,,0.4169,0.1891,0.5281
CI,Grants revenue from other gen govt,,,0.0,0.0,0.0
CI,Other revenue,,,0.6491,0.7463,0.7354
HR,Revenue,46.5435,46.0807,46.3371,47.4726,48.0347
HR,Tax revenue,25.773,25.7138,26.3366,26.8384,25.6871
HR,"Taxes on income, profits, & capital gains",5.9333,5.6871,5.8865,6.092,6.07
HR,Customs & other import duties,-0.0176,-0.008,0.0024,-0.0004,0.0034
HR,Taxes on payroll & workforce,0.0,0.0,0.0,0.0,0.0
HR,Taxes on property,0.7163,0.7052,0.7029,0.7397,0.7286
HR,Taxes on goods & services,19.141,19.3296,19.7447,20.0071,18.8851
HR,Taxes on int trade & transactions,-0.0176,-0.008,0.0024,-0.0004,0.0034
HR,Social contributions,11.8821,11.8731,11.9133,11.7727,12.1312
HR,Grants revenue,,,,1.607,2.691
HR,Grants revenue from foreign govts,,,,0.0327,0.0305
HR,Grants revenue from int orgs,,,,1.5743,2.6605
HR,Grants revenue from other gen govt,0.0,0.0,0.0,0.0,0.0
HR,Other revenue,,,,7.2546,7.5254
CY,Revenue,37.4483,38.4311,39.2379,40.6509,40.4003
CY,Tax revenue,23.9179,24.4395,24.6972,24.6403,23.9922
CY,"Taxes on income, profits, & capital gains",8.6316,9.1119,9.1571,9.248,9.6647
CY,Customs & other import duties,-0.0069,0.0239,0.021,0.0669,0.0
CY,Taxes on payroll & workforce,0.9335,0.9856,1.0097,1.0508,1.0777
CY,Taxes on property,0.4358,0.3131,0.272,0.284,0.2586
CY,Taxes on goods & services,13.3592,13.3062,13.6827,13.4603,12.5415
CY,Taxes on int trade & transactions,-0.0069,0.0239,0.021,0.0669,0.0
CY,Social contributions,8.1509,8.499,8.6172,10.6703,11.5711
CY,Grants revenue,,,,,
CY,Grants revenue from foreign govts,,,,,
CY,Grants revenue from int orgs,,,,,
CY,Grants revenue from other gen govt,0.0,0.0,0.0,0.0,0.0
CY,Other revenue,,,,,
CZ,Revenue,39.7479,39.774,40.7367,40.5635,40.7491
CZ,Tax revenue,20.2692,20.4025,20.4418,20.3539,19.9759
CZ,"Taxes on income, profits, & capital gains",7.8028,7.9208,8.2725,8.2834,8.3476
CZ,Customs & other import duties,0.0,0.0,0.0,0.0,0.0
CZ,Taxes on payroll & workforce,0.0,0.0,0.0,0.0,0.0
CZ,Taxes on property,0.223,0.2128,0.2031,0.1905,0.2053
CZ,Taxes on goods & services,12.1994,12.2197,11.9321,11.8487,11.3932
CZ,Taxes on int trade & transactions,0.0,0.0,0.0,0.0,0.0
CZ,Social contributions,14.6563,14.8614,15.4142,15.4585,15.9696
CZ,Grants revenue,0.6847,0.8004,1.1414,1.1293,1.1653
CZ,Grants revenue from foreign govts,0.0721,0.0545,0.0395,0.0297,0.0248
CZ,Grants revenue from int orgs,0.6126,0.7459,1.1019,1.0996,1.1406
CZ,Grants revenue from other gen govt,0.0,0.0,0.0,0.0,0.0
CZ,Other revenue,4.1377,3.7096,3.7393,3.6218,3.6382
DK,Revenue,52.3726,52.3358,51.3088,53.5808,53.2514
DK,Tax revenue,45.5154,45.5006,44.173,46.5831,46.6153
DK,"Taxes on income, profits, & capital gains",28.1496,28.4059,26.9363,29.6359,29.5063
DK,Customs & other import duties,0.0,0.0,0.0,0.0,0.0
DK,Taxes on payroll & workforce,0.6654,0.6398,0.6746,0.684,0.6925
DK,Taxes on property,2.1881,2.1248,2.1195,2.3261,2.2778
DK,Taxes on goods & services,14.2305,14.0428,14.1434,13.6258,13.8293
DK,Taxes on int trade & transactions,0.017,0.0157,0.0184,0.0231,0.0193
DK,Social contributions,0.9345,0.8873,0.8444,0.8201,0.8296
DK,Grants revenue,,,,,
DK,Grants revenue from foreign govts,,,,,
DK,Grants revenue from int orgs,,,,,
DK,Grants revenue from other gen govt,0.0,0.0,0.0,0.0,0.0
DK,Other revenue,,,,,
SV,Revenue,25.3795,26.4077,26.1948,25.3355,25.8524
SV,Tax revenue,17.7104,18.0784,18.4298,18.3699,18.9474
SV,"Taxes on income, profits, & capital gains",6.8174,6.8971,6.9467,6.9945,7.5596
SV,Customs & other import duties,0.8534,0.8438,0.8739,0.8629,0.7582
SV,Taxes on payroll & workforce,0.0,0.0,0.0,0.0,0.0
SV,Taxes on property,0.4291,0.4003,0.3774,0.3952,0.4055
SV,Taxes on goods & services,9.6045,9.9303,10.2241,10.1146,10.2242
SV,Taxes on int trade & transactions,0.8534,0.8438,0.8739,0.8629,0.7582
SV,Social contributions,2.7079,2.6841,2.4596,2.7788,2.4177
SV,Grants revenue,0.0953,0.14,0.1952,0.1811,0.7103
SV,Grants revenue from foreign govts,0.0499,0.0371,0.0945,0.0316,0.0544
SV,Grants revenue from int orgs,0.0456,0.103,0.1007,0.1495,0.1071
SV,Grants revenue from other gen govt,-0.0001,-0.0001,0.0,0.0,0.5487
SV,Other revenue,4.8659,5.5052,5.1101,4.0057,3.777
EE,Revenue,38.3214,38.0861,38.2168,38.8598,39.5062
EE,Tax revenue,22.0995,21.2368,21.326,21.5761,21.4389
EE,"Taxes on income, profits, & capital gains",7.4852,7.1746,7.4718,7.3585,7.8328
EE,Customs & other import duties,0.0,0.0,0.0,0.0,0.0
EE,Taxes on payroll & workforce,0.0,0.0,0.0,0.0,0.0
EE,Taxes on property,0.2713,0.2416,0.2245,0.2131,0.2177
EE,Taxes on goods & services,14.343,13.8206,13.6297,14.0045,13.3884
EE,Taxes on int trade & transactions,0.0,0.0,0.0,0.0,0.0
EE,Social contributions,11.4784,11.6543,11.7899,12.0058,12.734
EE,Grants revenue,1.3192,1.659,1.9196,1.8484,2.1797
EE,Grants revenue from foreign govts,0.4529,0.3453,0.4067,0.3873,0.5269
EE,Grants revenue from int orgs,0.8663,1.3137,1.5129,1.4611,1.6527
EE,Grants revenue from other gen govt,0.0,0.0,0.0,0.0,0.0
EE,Other revenue,3.4243,3.536,3.1813,3.4295,3.1537
FI,Revenue,52.9984,52.0042,51.4927,51.303,50.9404
FI,Tax revenue,30.8981,30.7944,30.4457,30.2965,30.3944
FI,"Taxes on income, profits, & capital gains",15.1808,15.2257,14.7956,14.7899,14.7857
FI,Customs & other import duties,0.0,0.0,0.0,0.0,0.0
FI,Taxes on payroll & workforce,0.0,0.0,0.0,0.0,0.0
FI,Taxes on property,1.0077,1.1856,1.073,1.0912,1.1652
FI,Taxes on goods & services,14.7096,14.3831,14.5772,14.4154,14.4436
FI,Taxes on int trade & transactions,0.0,0.0,0.0,0.0,0.0
FI,Social contributions,12.844,12.0636,11.9571,11.8873,11.6691
FI,Grants revenue,0.1995,0.2121,0.2266,0.2282,0.2409
FI,Grants revenue from foreign govts,0.0156,0.0155,0.0146,0.015,0.014
FI,Grants revenue from int orgs,0.1839,0.1966,0.212,0.2132,0.2269
FI,Grants revenue from other gen govt,0.0,0.0,0.0,0.0,0.0
FI,Other revenue,9.0567,8.9341,8.8633,8.891,8.6359
FR,Revenue,52.3879,52.8853,52.7011,51.6328,51.8728
FR,Tax revenue,28.8793,29.4918,30.088,30.3109,30.6098
FR,"Taxes on income, profits, & capital gains",11.1498,11.452,12.1534,12.2058,12.3831
FR,Customs & other import duties,0.0265,0.0252,0.026,0.0265,0.0337
FR,Taxes on payroll & workforce,1.5866,1.5925,1.5725,1.8505,1.9666
FR,Taxes on property,4.251,4.2865,4.0056,3.9006,3.964
FR,Taxes on goods & services,11.8116,12.084,12.2847,12.2913,12.2273
FR,Taxes on int trade & transactions,0.0265,0.0252,0.026,0.0265,0.0337
FR,Social contributions,18.5889,18.5983,17.8557,16.6132,16.7036
FR,Grants revenue,,,,,
FR,Grants revenue from foreign govts,,,,,
FR,Grants revenue from int orgs,,,,,
FR,Grants revenue from other gen govt,0.0,0.0,0.0,0.0,0.0
FR,Other revenue,,,,,
GE,Revenue,31.0559,31.048,28.6179,29.2311,27.4602
GE,Tax revenue,24.5175,24.3084,23.4201,24.0803,22.4452
GE,"Taxes on income, profits, & capital gains",9.6827,9.0171,8.9322,8.8302,8.6803
GE,Customs & other import duties,0.1956,0.1757,0.1646,0.1606,0.1521
GE,Taxes on payroll & workforce,0.0,0.0,0.0,0.0,0.0
GE,Taxes on property,1.0141,0.9683,0.9893,0.963,0.8866
GE,Taxes on goods & services,12.1556,13.6734,13.2123,13.6961,12.5773
GE,Taxes on int trade & transactions,0.1956,0.1757,0.1646,0.1606,0.1521
GE,Social contributions,0.0,0.0,0.0,0.0,0.0
GE,Grants revenue,0.8296,0.7191,0.7691,0.8627,0.8463
GE,Grants revenue from foreign govts,0.2897,0.2549,0.265,0.1943,0.0403
GE,Grants revenue from int orgs,0.54,0.4642,0.504,0.6684,0.8061
GE,Grants revenue from other gen govt,0.0,0.0,0.0,0.0,0.0
GE,Other revenue,5.7088,6.0206,4.4288,4.2881,4.1687
DE,Revenue,44.9194,44.9333,45.6522,45.8871,45.9266
DE,Tax revenue,23.5806,23.6684,23.9977,24.0233,23.2237
DE,"Taxes on income, profits, & capital gains",12.1971,12.4484,12.7696,12.7441,12.242
DE,Customs & other import duties,0.0,0.0,0.0,0.0,0.0
DE,Taxes on payroll & workforce,0.0,0.0,0.0,0.0,0.0
DE,Taxes on property,0.6591,0.6147,0.6239,0.6168,0.6928
DE,Taxes on goods & services,10.0878,9.9715,9.9605,9.9875,9.5361
DE,Taxes on int trade & transactions,0.0,0.0,0.0,0.0,0.0
DE,Social contributions,16.7252,16.8183,17.0016,17.2232,18.0531
DE,Grants revenue,0.1693,0.1004,0.1252,0.1161,0.1259
DE,Grants revenue from foreign govts,0.0029,0.0002,0.0003,0.0002,0.0002
DE,Grants revenue from int orgs,0.1664,0.1001,0.1249,0.1159,0.1257
DE,Grants revenue from other gen govt,0.0,0.0,0.0,0.0,0.0
DE,Other revenue,4.4444,4.3462,4.5278,4.5245,4.524
GR,Revenue,49.5572,48.3252,48.6543,48.1602,48.6836
GR,Tax revenue,27.6554,27.3799,27.8695,27.1208,25.6606
GR,"Taxes on income, profits, & capital gains",8.9728,8.8077,9.1628,8.5283,7.9063
GR,Customs & other import duties,0.0,0.0,0.0039,0.0,0.0
GR,Taxes on payroll & workforce,0.0,0.0,0.0,0.0,0.0
GR,Taxes on property,2.8306,2.8083,2.7297,2.5658,2.6497
GR,Taxes on goods & services,15.654,15.5612,15.7834,15.7584,14.908
GR,Taxes on int trade & transactions,0.0,0.0,0.0039,0.0,0.0
GR,Social contributions,14.2955,14.6755,14.6177,14.5322,15.3398
GR,Grants revenue,,,,,
GR,Grants revenue from foreign govts,,,,,
GR,Grants revenue from int orgs,,,,,
GR,Grants revenue from other gen govt,0.0,0.0,0.0,0.0,0.0
GR,Other revenue,,,,,
GT,Revenue,15.2094,13.0487,15.2295,15.0747,14.3921
GT,Tax revenue,10.9066,9.6044,11.1128,10.9736,10.469
GT,"Taxes on income, profits, & capital gains",3.8501,3.349,3.7721,3.6627,3.6075
GT,Customs & other import duties,0.4593,0.3855,0.4648,0.455,0.4119
GT,Taxes on payroll & workforce,0.0824,0.0666,0.0852,0.0817,0.0747
GT,Taxes on property,0.1942,0.1604,0.2026,0.2052,0.2041
GT,Taxes on goods & services,6.1701,5.5089,6.4272,6.4168,6.0661
GT,Taxes on int trade & transactions,0.5155,0.4337,0.5216,0.5122,0.4316
GT,Social contributions,2.8658,2.2572,2.879,2.8442,2.7863
GT,Grants revenue,0.0187,0.0402,0.0428,0.023,0.0184
GT,Grants revenue from foreign govts,0.0068,0.0136,0.0136,0.0086,0.0047
GT,Grants revenue from int orgs,0.0119,0.0266,0.0292,0.0144,0.0137
GT,Grants revenue from other gen govt,-0.0,0.0,0.0,-0.0,-0.0
GT,Other revenue,1.4184,1.1468,1.1949,1.234,1.1184
HN,Revenue,,,,,23.6089
HN,Tax revenue,,,,,15.5005
HN,"Taxes on income, profits, & capital gains",,,,,4.3662
HN,Customs & other import duties,,,,,0.5868
HN,Taxes on payroll & workforce,,,,,0.0
HN,Taxes on property,,,,,0.8392
HN,Taxes on goods & services,,,,,9.7083
HN,Taxes on int trade & transactions,,,,,0.5868
HN,Social contributions,,,,,4.1124
HN,Grants revenue,,,,,0.6643
HN,Grants revenue from foreign govts,,,,,0.0
HN,Grants revenue from int orgs,,,,,0.6155
HN,Grants revenue from other gen govt,,,,,0.0488
HN,Other revenue,,,,,3.3318
AM,Revenue,24.9148,23.5414,23.4014,25.2504,26.2134
AM,Tax revenue,21.7615,21.2609,21.3066,22.6703,22.3301
AM,"Taxes on income, profits, & capital gains",9.3768,8.4388,9.1077,9.0001,9.0569
AM,Customs & other import duties,1.0939,1.3041,1.3335,1.4484,1.104
AM,Taxes on payroll & workforce,0.0,0.0,0.0,0.0,0.0
AM,Taxes on property,0.471,0.4672,0.423,0.3928,0.401
AM,Taxes on goods & services,8.8969,8.7863,9.0939,11.5891,11.7142
AM,Taxes on int trade & transactions,1.0939,1.3041,1.3335,1.4484,1.104
AM,Social contributions,0.0,0.0,0.0,0.0,0.0
AM,Grants revenue,0.6349,-0.2287,-0.1775,0.2208,0.892
AM,Grants revenue from foreign govts,0.4233,0.1228,0.0665,0.1016,0.7904
AM,Grants revenue from int orgs,0.2728,0.1932,0.1768,0.1207,0.1036
AM,Grants revenue from other gen govt,-0.0612,-0.5447,-0.4207,-0.0015,-0.002
AM,Other revenue,2.5184,2.5092,2.2723,2.3592,2.9914
HU,Revenue,44.6649,43.8734,43.613,43.1312,43.3529
HU,Tax revenue,25.3195,25.0617,24.6841,24.5517,25.0895
HU,"Taxes on income, profits, & capital gains",7.0178,6.9472,6.3978,6.384,6.6304
HU,Customs & other import duties,0.0,0.0,0.0,0.0,0.0
HU,Taxes on payroll & workforce,0.7474,0.867,0.9462,1.0413,1.05
HU,Taxes on property,0.6193,0.6021,0.5426,0.5075,0.5024
HU,Taxes on goods & services,16.9349,16.6454,16.7976,16.6189,16.9067
HU,Taxes on int trade & transactions,0.0,0.0,0.0,0.0,0.0
HU,Social contributions,13.7518,12.7908,12.1138,11.7494,11.2987
HU,Grants revenue,0.8641,1.0767,2.0137,2.3051,2.3098
HU,Grants revenue from foreign govts,0.0493,0.0292,0.0256,0.026,0.0287
HU,Grants revenue from int orgs,0.8149,1.0475,1.9881,2.2791,2.2811
HU,Grants revenue from other gen govt,0.0,0.0,0.0,0.0,0.0
HU,Other revenue,4.7295,4.9442,4.8013,4.525,4.655
IS,Revenue,59.0742,45.4488,44.9047,41.9105,41.8828
IS,Tax revenue,46.8873,33.7369,33.0489,31.6741,33.0398
IS,"Taxes on income, profits, & capital gains",17.0993,18.3196,18.0179,17.41,18.3937
IS,Customs & other import duties,0.2025,0.1481,0.145,0.1126,0.0876
IS,Taxes on payroll & workforce,0.2936,0.3008,0.3008,0.2996,0.314
IS,Taxes on property,17.0259,1.8689,1.8251,1.9167,2.255
IS,Taxes on goods & services,11.6719,12.477,12.1608,11.3245,11.3375
IS,Taxes on int trade & transactions,0.2025,0.1481,0.145,0.1126,0.0876
IS,Social contributions,3.3984,3.3933,3.4587,3.1993,3.0049
IS,Grants revenue,0.1195,0.1061,0.116,0.1242,0.1077
IS,Grants revenue from foreign govts,0.0,0.0,0.0,0.0,0.0
IS,Grants revenue from int orgs,0.1195,0.1061,0.116,0.1242,0.1077
IS,Grants revenue from other gen govt,0.0,0.0,0.0,0.0,0.0
IS,Other revenue,8.669,8.2125,8.2812,6.9128,5.7303
ID,Revenue,14.4528,14.3154,14.774,14.2697,12.7973
ID,Tax revenue,11.6027,11.2025,11.5584,11.0711,9.6118
ID,"Taxes on income, profits, & capital gains",5.3719,4.7594,5.0542,4.8777,3.8488
ID,Customs & other import duties,0.2546,0.2537,0.2618,0.2327,0.2065
ID,Taxes on payroll & workforce,0.0,0.0,0.0,0.0,0.0
ID,Taxes on property,0.3847,0.4215,0.3549,0.3404,0.4463
ID,Taxes on goods & services,5.5283,5.6997,5.805,5.5622,5.0495
ID,Taxes on int trade & transactions,0.2788,0.2843,0.3074,0.255,0.2342
ID,Social contributions,0.0,0.0,0.0,0.0,0.0
ID,Grants revenue,0.0258,0.0308,0.0155,0.0171,0.2427
ID,Grants revenue from foreign govts,0.0258,0.0307,0.0155,0.0113,0.011
ID,Grants revenue from int orgs,0.0,0.0,0.0,0.0,0.0
ID,Grants revenue from other gen govt,-0.0,0.0,0.0,0.0058,0.2318
ID,Other revenue,2.8243,3.0822,3.2001,3.1815,2.9427
IE,Revenue,27.2933,25.9072,25.4794,24.7132,22.425
IE,Tax revenue,19.5564,18.7637,18.571,18.141,16.7054
IE,"Taxes on income, profits, & capital gains",10.3287,9.9692,10.2107,9.9983,9.8162
IE,Customs & other import duties,0.0,0.0,0.0,0.0,0.0
IE,Taxes on payroll & workforce,0.1444,0.1452,0.1734,0.217,0.1922
IE,Taxes on property,0.8252,0.7761,0.7474,0.691,0.4612
IE,Taxes on goods & services,8.216,7.8471,7.4087,7.2053,6.0351
IE,Taxes on int trade & transactions,0.0,0.0,0.0,0.0,0.0
IE,Social contributions,4.7908,4.6108,4.4856,4.4413,4.0147
IE,Grants revenue,,,,,
IE,Grants revenue from foreign govts,,,,,
IE,Grants revenue from int orgs,,,,,
IE,Grants revenue from other gen govt,0.0,0.0,0.0,0.0,0.0
IE,Other revenue,,,,,
IL,Revenue,36.4845,37.4725,35.811,35.019,34.5269
IL,Tax revenue,25.8699,27.0444,25.4705,24.8797,24.6048
IL,"Taxes on income, profits, & capital gains",10.1683,11.8554,10.4096,10.2176,10.2668
IL,Customs & other import duties,0.2684,0.2354,0.2076,0.2126,0.2052
IL,Taxes on payroll & workforce,1.1484,1.1883,1.1798,1.1398,1.1553
IL,Taxes on property,1.9855,1.9715,1.9486,1.9109,1.7862
IL,Taxes on goods & services,12.2992,11.7938,11.725,11.3988,11.1913
IL,Taxes on int trade & transactions,0.2684,0.2354,0.2076,0.2126,0.2052
IL,Social contributions,5.9217,5.9499,5.9467,5.8862,5.8411
IL,Grants revenue,1.0982,0.8036,0.7922,0.7235,0.6921
IL,Grants revenue from foreign govts,1.0982,0.8036,0.7922,0.7235,0.6921
IL,Grants revenue from int orgs,0.0,0.0,0.0,0.0,0.0
IL,Grants revenue from other gen govt,0.0,0.0,0.0,0.0,0.0
IL,Other revenue,3.5948,3.6747,3.6015,3.5296,3.3889
IT,Revenue,46.0839,45.7644,45.6184,46.4902,46.9633
IT,Tax revenue,29.2196,28.8578,28.4856,28.8676,29.0315
IT,"Taxes on income, profits, & capital gains",13.9893,13.8585,13.4712,13.8908,14.6917
IT,Customs & other import duties,0.0,0.0,0.0,0.0,0.0
IT,Taxes on payroll & workforce,0.0,0.0,0.0,0.0,0.0
IT,Taxes on property,1.7265,1.5061,1.4367,1.4056,1.4605
IT,Taxes on goods & services,11.8766,11.9505,12.0212,12.0864,11.3524
IT,Taxes on int trade & transactions,0.0,0.0,0.0,0.0,0.0
IT,Social contributions,13.0103,12.9889,13.2342,13.525,13.8436
IT,Grants revenue,0.0751,0.2609,0.1404,0.1567,0.1898
IT,Grants revenue from foreign govts,0.0104,0.0963,0.0253,0.0288,0.0325
IT,Grants revenue from int orgs,0.0647,0.1645,0.115,0.1279,0.1574
IT,Grants revenue from other gen govt,0.0,0.0,0.0,0.0,0.0
IT,Other revenue,3.7789,3.6569,3.7582,3.9409,3.8984
JP,Revenue,34.7306,34.9455,35.5043,35.254,36.7476
JP,Tax revenue,18.2622,18.7171,19.0799,18.7891,19.9519
JP,"Taxes on income, profits, & capital gains",9.1643,9.6645,9.9937,9.6738,10.0237
JP,Customs & other import duties,0.1725,0.1852,0.1926,0.1681,0.1521
JP,Taxes on payroll & workforce,0.0,0.0,0.0,0.0,0.0
JP,Taxes on property,2.2517,2.2698,2.2802,2.2999,2.4111
JP,Taxes on goods & services,6.5054,6.4302,6.4446,6.4755,7.1914
JP,Taxes on int trade & transactions,0.1725,0.1852,0.1931,0.1713,0.1522
JP,Social contributions,12.7024,12.8377,13.1262,13.2887,13.6933
JP,Grants revenue,0.0012,0.0042,0.0003,0.0002,0.0001
JP,Grants revenue from foreign govts,0.0008,0.0042,0.0001,0.0001,0.0
JP,Grants revenue from int orgs,0.0004,0.0,0.0002,0.0001,0.0001
JP,Grants revenue from other gen govt,0.0,0.0,0.0,0.0,0.0
JP,Other revenue,3.7648,3.3864,3.2979,3.1761,3.1023
JO,Revenue,,,38.6666,,
JO,Tax revenue,,,16.2356,,
JO,"Taxes on income, profits, & capital gains",,,3.1901,,
JO,Customs & other import duties,,,0.9612,,
JO,Taxes on payroll & workforce,,,0.0013,,
JO,Taxes on property,,,0.4091,,
JO,Taxes on goods & services,,,11.6738,,
JO,Taxes on int trade & transactions,,,0.9612,,
JO,Social contributions,,,6.9897,,
JO,Grants revenue,,,3.5047,,
JO,Grants revenue from foreign govts,,,3.5047,,
JO,Grants revenue from int orgs,,,0.0,,
JO,Grants revenue from other gen govt,,,0.0,,
JO,Other revenue,,,11.9366,,
KZ,Revenue,17.6238,19.901,19.5598,19.0806,17.3399
KZ,Tax revenue,12.4318,13.8273,15.1422,15.0713,12.3729
KZ,"Taxes on income, profits, & capital gains",5.5575,5.7539,6.4261,6.0465,4.9497
KZ,Customs & other import duties,0.5633,0.546,0.5338,0.5339,0.4864
KZ,Taxes on payroll & workforce,0.0,1.0604,0.9229,0.9139,0.9087
KZ,Taxes on property,0.4526,0.4705,0.4828,0.4638,0.4381
KZ,Taxes on goods & services,4.1354,3.854,4.1995,4.7595,4.5195
KZ,Taxes on int trade & transactions,2.2854,2.6698,3.1032,2.8862,1.5536
KZ,Social contributions,1.6918,0.5152,0.5387,0.5313,1.1654
KZ,Grants revenue,0.0036,-0.0894,-0.0353,0.0027,-0.4486
KZ,Grants revenue from foreign govts,0.0,0.0,0.0013,0.0027,0.0002
KZ,Grants revenue from int orgs,0.0036,0.0008,0.0,0.0,0.0
KZ,Grants revenue from other gen govt,0.0,-0.0902,-0.0365,0.0,-0.4489
KZ,Other revenue,3.4966,5.6478,3.9141,3.4753,4.2502
KE,Revenue,21.5367,22.3665,20.2962,20.4914,17.6414
KE,Tax revenue,16.331,15.7555,15.1931,15.9934,14.6584
KE,"Taxes on income, profits, & capital gains",,7.6841,7.4992,7.1668,6.8188
KE,Customs & other import duties,,1.1015,1.0562,1.1057,0.9314
KE,Taxes on payroll & workforce,,0.0,0.0,0.0,0.0
KE,Taxes on property,,0.0,0.0,0.0,0.0
KE,Taxes on goods & services,,6.5837,6.2256,7.2539,6.4023
KE,Taxes on int trade & transactions,,1.3825,1.332,1.5727,1.4373
KE,Social contributions,0.5917,0.4927,0.6225,0.1597,0.0053
KE,Grants revenue,0.4214,0.0,0.3104,0.0049,0.1883
KE,Grants revenue from foreign govts,0.0,0.0,0.0,0.0,0.0
KE,Grants revenue from int orgs,0.4214,0.0,0.3104,0.0049,0.1883
KE,Grants revenue from other gen govt,0.0,0.0,0.0,0.0,0.0
KE,Other revenue,4.1926,6.1183,4.1702,4.3334,2.7895
KI,Revenue,99.9231,103.3717,128.7855,121.2528,117.8442
KI,Tax revenue,25.4704,22.589,21.2849,24.8607,24.2884
KI,"Taxes on income, profits, & capital gains",7.4671,7.4668,7.7447,7.6217,7.653
KI,Customs & other import duties,1.3506,2.0046,0.4111,1.8405,1.7989
KI,Taxes on payroll & workforce,0.0,0.0,0.0,0.0,0.0
KI,Taxes on property,0.0,0.0,0.0,0.0,0.0
KI,Taxes on goods & services,16.6528,13.1175,13.129,15.3985,14.8365
KI,Taxes on int trade & transactions,1.3506,2.0046,0.4111,1.8405,1.7989
KI,Social contributions,0.0,0.0,0.0,0.0,0.0
KI,Grants revenue,6.0574,2.5597,16.3189,7.0747,18.0834
KI,Grants revenue from foreign govts,5.0436,0.5966,6.0836,2.697,15.6969
KI,Grants revenue from int orgs,1.0138,1.9631,10.2353,4.3777,2.3866
KI,Grants revenue from other gen govt,0.0,0.0,0.0,0.0,0.0
KI,Other revenue,68.3953,78.223,91.1817,89.3174,75.4723
KR,Revenue,32.6309,33.2431,33.389,34.0598,34.4402
KR,Tax revenue,18.4225,18.972,20.0694,20.0043,20.3108
KR,"Taxes on income, profits, & capital gains",7.8674,8.2983,9.3464,9.2099,8.8437
KR,Customs & other import duties,0.4685,0.4694,0.4399,0.4002,0.3682
KR,Taxes on payroll & workforce,0.0,0.0,0.0,0.0,0.0
KR,Taxes on property,1.4981,1.5862,1.626,1.7708,1.9518
KR,Taxes on goods & services,7.7818,7.8342,7.9115,7.8517,8.3165
KR,Taxes on int trade & transactions,0.4685,0.4694,0.4399,0.4002,0.3682
KR,Social contributions,6.7632,6.8114,7.0837,7.6092,8.146
KR,Grants revenue,0.0,0.0001,0.0,0.0,0.0
KR,Grants revenue from foreign govts,0.0,0.0,0.0,0.0,0.0
KR,Grants revenue from int orgs,0.0,0.0001,0.0,0.0,0.0
KR,Grants revenue from other gen govt,0.0,0.0,0.0,0.0,0.0
KR,Other revenue,7.4452,7.4596,6.2359,6.4463,5.9835
XK,Revenue,26.8683,26.7827,26.7907,27.0266,25.5679
XK,Tax revenue,24.8494,24.8097,24.6556,24.6301,23.3875
XK,"Taxes on income, profits, & capital gains",3.3795,3.2866,3.705,3.6255,3.5789
XK,Customs & other import duties,2.1503,1.9871,1.8865,1.8914,1.5376
XK,Taxes on payroll & workforce,0.0,0.0,0.0,0.0,0.0
XK,Taxes on property,0.4162,0.3526,0.3627,0.3866,0.3353
XK,Taxes on goods & services,18.9033,19.1837,18.7006,18.7262,17.9353
XK,Taxes on int trade & transactions,2.1503,1.9871,1.8865,1.8914,1.5376
XK,Social contributions,0.0,0.0,0.0,0.0,0.0
XK,Grants revenue,0.1986,0.1369,0.2316,0.349,0.6357
XK,Grants revenue from foreign govts,0.1446,0.1307,0.1247,0.276,0.6348
XK,Grants revenue from int orgs,0.0538,0.0061,0.0027,0.0021,0.0009
XK,Grants revenue from other gen govt,0.0,0.0,0.1043,0.071,0.0
XK,Other revenue,1.8204,1.8361,1.9035,2.0474,1.5447
KG,Revenue,33.1328,33.2869,32.4696,34.0731,
KG,Tax revenue,19.5097,19.2627,20.2319,20.3109,
KG,"Taxes on income, profits, & capital gains",4.6717,4.5982,4.6895,5.0535,
KG,Customs & other import duties,2.7994,3.0027,3.1025,3.6187,
KG,Taxes on payroll & workforce,0.0,0.0,0.0,0.0,
KG,Taxes on property,0.5238,0.4949,0.4935,0.5,
KG,Taxes on goods & services,11.4146,11.0601,11.8313,11.0285,
KG,Taxes on int trade & transactions,2.8991,3.1091,3.2174,3.7231,
KG,Social contributions,5.5925,5.4674,5.3839,5.4929,
KG,Grants revenue,2.0736,2.5386,1.6616,2.2877,
KG,Grants revenue from foreign govts,0.5515,0.9461,0.2021,0.9034,
KG,Grants revenue from int orgs,1.5221,1.5924,1.4595,1.3843,
KG,Grants revenue from other gen govt,0.0,0.0,0.0,0.0,
KG,Other revenue,5.957,6.0183,5.1922,5.9816,
AU,Revenue,33.9385,33.746,34.5945,34.7978,34.8019
AU,Tax revenue,27.2353,26.9444,27.8311,27.9851,28.0367
AU,"Taxes on income, profits, & capital gains",15.5744,15.5625,16.4479,16.9244,16.6886
AU,Customs & other import duties,0.8252,0.7858,0.8259,0.7968,0.9908
AU,Taxes on payroll & workforce,1.3271,1.2733,1.2991,1.3011,1.2751
AU,Taxes on property,1.5628,1.5883,1.5922,1.6308,1.7139
AU,Taxes on goods & services,7.9453,7.7338,7.666,7.332,7.3683
AU,Taxes on int trade & transactions,0.8258,0.7865,0.8259,0.7968,0.9908
AU,Social contributions,0.0,0.0,0.0,0.0,0.0
AU,Grants revenue,0.0,0.0,0.0,0.0,0.0
AU,Grants revenue from foreign govts,0.0,0.0,0.0,0.0,0.0
AU,Grants revenue from int orgs,0.0,0.0,0.0,0.0,0.0
AU,Grants revenue from other gen govt,0.0,0.0,0.0,0.0,0.0
AU,Other revenue,6.7032,6.8016,6.7634,6.8127,6.7653
NR,Revenue,99.7427,100.4641,119.1915,148.7202,170.2183
NR,Tax revenue,24.6023,22.4964,30.4664,36.0652,48.3784
NR,"Taxes on income, profits, & capital gains",9.1588,8.6613,17.0751,23.9776,36.3972
NR,Customs & other import duties,13.0566,11.3388,11.3576,10.7833,10.4628
NR,Taxes on payroll & workforce,0.0,0.0,0.0,0.0,0.0
NR,Taxes on property,0.0,0.0,0.0,0.0,0.0
NR,Taxes on goods & services,2.3869,2.4963,2.0337,1.3043,1.5183
NR,Taxes on int trade & transactions,13.0566,11.3388,11.3576,10.7833,10.4628
NR,Social contributions,0.0,0.0,0.0,0.0,0.0
NR,Grants revenue,8.2867,8.2879,10.7172,12.7261,18.7758
NR,Grants revenue from foreign govts,8.2867,7.9454,9.3749,8.9603,14.9987
NR,Grants revenue from int orgs,0.0,0.3426,1.3423,0.0,0.0
NR,Grants revenue from other gen govt,0.0,0.0,0.0,3.7658,3.7771
NR,Other revenue,66.8537,69.6798,78.0079,99.9289,103.0642
PE,Revenue,19.1192,18.5593,19.7505,20.2782,18.4469
PE,Tax revenue,14.0529,13.3764,14.4919,14.7678,13.3006
PE,"Taxes on income, profits, & capital gains",5.6749,5.264,5.6152,5.7134,5.3143
PE,Customs & other import duties,0.2449,0.2073,0.1963,0.1849,0.1613
PE,Taxes on payroll & workforce,0.0,0.0,0.0,0.0,0.0
PE,Taxes on property,0.2956,0.2869,0.2755,0.3012,0.276
PE,Taxes on goods & services,6.4667,6.2907,6.9035,6.9957,6.3109
PE,Taxes on int trade & transactions,0.2449,0.2073,0.1963,0.1849,0.1613
PE,Social contributions,2.2091,2.1105,2.1931,2.2412,2.2239
PE,Grants revenue,0.0328,0.0334,0.0188,0.0218,0.019
PE,Grants revenue from foreign govts,0.0078,0.0121,0.0031,0.0035,0.0022
PE,Grants revenue from int orgs,0.0251,0.0213,0.0157,0.0183,0.0169
PE,Grants revenue from other gen govt,0.0,0.0,0.0,0.0,0.0
PE,Other revenue,2.8244,3.0389,3.0468,3.2474,2.9033
PH,Revenue,17.8245,18.2293,,,
PH,Tax revenue,13.9329,14.4468,,,
PH,"Taxes on income, profits, & capital gains",,,,,
PH,Customs & other import duties,,,,,
PH,Taxes on payroll & workforce,,,,,
PH,Taxes on property,,,,,
PH,Taxes on goods & services,,,,,
PH,Taxes on int trade & transactions,,,,,
PH,Social contributions,1.6399,1.6085,,,
PH,Grants revenue,0.0005,0.0002,,,
PH,Grants revenue from foreign govts,,,,,
PH,Grants revenue from int orgs,,,,,
PH,Grants revenue from other gen govt,,,,,
PH,Other revenue,2.2511,2.1737,,,
PL,Revenue,38.7211,39.7847,41.2908,41.0352,41.5806
PL,Tax revenue,20.5126,21.1282,21.8708,21.7279,22.0084
PL,"Taxes on income, profits, & capital gains",6.6677,6.9092,7.3995,7.5239,7.5669
PL,Customs & other import duties,0.0,0.0,0.0,0.0,0.0
PL,Taxes on payroll & workforce,0.2239,0.2254,0.2225,0.2585,0.3306
PL,Taxes on property,1.2343,1.2101,1.1607,1.1131,1.1518
PL,Taxes on goods & services,12.3142,12.7109,13.0148,12.7614,12.8957
PL,Taxes on int trade & transactions,0.0,0.0,0.0,0.0,0.0
PL,Social contributions,13.6393,13.7231,13.9538,14.0341,14.4565
PL,Grants revenue,,,,,
PL,Grants revenue from foreign govts,,,,,
PL,Grants revenue from int orgs,,,,,
PL,Grants revenue from other gen govt,0.0,0.0,0.0,0.0,0.0
PL,Other revenue,,,,,
SE,Revenue,49.7828,49.6537,49.5953,48.62,48.6584
SE,Tax revenue,41.2235,41.2212,40.8892,39.9598,39.8969
SE,"Taxes on income, profits, & capital gains",18.4173,18.55,18.1942,17.6831,17.8203
SE,Customs & other import duties,0.0,0.0,0.0,0.0,0.0
SE,Taxes on payroll & workforce,9.261,9.3344,9.3656,9.2239,8.8745
SE,Taxes on property,0.7572,0.7106,0.6878,0.6808,0.6917
SE,Taxes on goods & services,12.7879,12.6262,12.6415,12.3719,12.5103
SE,Taxes on int trade & transactions,0.0,0.0,0.0,0.0,0.0
SE,Social contributions,3.3003,3.3122,3.4143,3.4079,3.4002
SE,Grants revenue,0.1343,0.1299,0.1286,0.1257,0.1259
SE,Grants revenue from foreign govts,0.0675,0.0479,0.0406,0.0437,0.0399
SE,Grants revenue from int orgs,0.0668,0.082,0.088,0.0819,0.086
SE,Grants revenue from other gen govt,0.0,0.0,0.0,0.0,0.0
SE,Other revenue,5.1248,4.9904,5.1633,5.1267,5.2355
UZ,Revenue,26.1359,23.2929,26.6997,26.9093,26.0674
UZ,Tax revenue,18.9839,16.761,18.9379,18.7,18.8396
UZ,"Taxes on income, profits, & capital gains",6.198,6.2132,5.9821,5.8665,7.5133
UZ,Customs & other import duties,0.6182,0.6038,0.5171,0.5106,0.6576
UZ,Taxes on payroll & workforce,0.0,0.0,0.0,0.0,0.0
UZ,Taxes on property,1.0281,1.0147,0.9677,0.8828,0.7238
UZ,Taxes on goods & services,8.7547,8.6827,11.225,11.4025,9.9336
UZ,Taxes on int trade & transactions,3.003,0.8504,0.763,0.5481,0.6689
UZ,Social contributions,4.8223,4.3279,4.4285,4.4582,3.3968
UZ,Grants revenue,0.0,0.0,0.0,0.0,0.0
UZ,Grants revenue from foreign govts,0.0,0.0,0.0,0.0,0.0
UZ,Grants revenue from int orgs,0.0,0.0,0.0,0.0,0.0
UZ,Grants revenue from other gen govt,0.0,0.0,0.0,0.0,0.0
UZ,Other revenue,2.3297,2.2041,3.3333,3.7511,3.831
