Name,categories,Country,2016,2017,2018,2019,2020
Afghanistan,Customs & other import duties,AF,2.3244,3.2517,,,
Afghanistan,Grants revenue,AF,36.3337,32.7386,,,
Afghanistan,Grants revenue from foreign govts,AF,31.5008,28.0884,,,
Afghanistan,Grants revenue from int orgs,AF,4.8328,4.6502,,,
Afghanistan,Grants revenue from other gen govt,AF,0.0,0.0,,,
Afghanistan,Other revenue,AF,2.9509,2.9916,,,
Afghanistan,Revenue,AF,48.442,45.2478,,,
Afghanistan,Social contributions,AF,0.311,0.2699,,,
Afghanistan,Tax revenue,AF,8.8465,9.2477,,,
Afghanistan,Taxes on goods & services,AF,3.3937,3.8612,,,
Afghanistan,"Taxes on income, profits, & capital gains",AF,1.9144,2.0393,,,
Afghanistan,Taxes on int trade & transactions,AF,3.0689,3.3332,,,
Afghanistan,Taxes on payroll & workforce,AF,0.0,0.0,,,
Afghanistan,Taxes on property,AF,0.001,0.0009,,,
Albania,Customs & other import duties,AL,0.4167,0.4186,0.3801,0.386,0.3881
Albania,Grants revenue,AL,1.0292,0.7383,0.5249,0.5526,0.5668
Albania,Grants revenue from foreign govts,AL,0.0836,0.0174,0.0121,0.0172,0.0113
Albania,Grants revenue from int orgs,AL,0.9456,0.7209,0.5128,0.5354,0.5554
Albania,Grants revenue from other gen govt,AL,0.0,0.0,0.0,-0.0,0.0
Albania,Other revenue,AL,1.8878,1.7706,1.8063,1.7254,1.4599
Albania,Revenue,AL,26.4543,27.7899,27.4959,27.4084,26.4761
Albania,Social contributions,AL,5.2037,5.4907,5.5632,5.7429,5.9503
Albania,Tax revenue,AL,18.3336,19.7904,19.6015,19.3876,18.4991
Albania,Taxes on goods & services,AL,14.5307,14.666,14.4909,13.8484,13.671
Albania,"Taxes on income, profits, & capital gains",AL,2.9464,4.1305,4.3591,4.7764,3.8595
Albania,Taxes on int trade & transactions,AL,0.4195,0.4201,0.3822,0.3884,0.3909
Albania,Taxes on payroll & workforce,AL,0.0,0.0,0.0,0.0,0.0
Albania,Taxes on property,AL,0.4167,0.5561,0.3369,0.3435,0.5491
Armenia,Customs & other import duties,AM,1.0939,1.3041,1.3335,1.4484,1.104
Armenia,Grants revenue,AM,0.6349,-0.2287,-0.1775,0.2208,0.892
Armenia,Grants revenue from foreign govts,AM,0.4233,0.1228,0.0665,0.1016,0.7904
Armenia,Grants revenue from int orgs,AM,0.2728,0.1932,0.1768,0.1207,0.1036
Armenia,Grants revenue from other gen govt,AM,-0.0612,-0.5447,-0.4207,-0.0015,-0.002
Armenia,Other revenue,AM,2.5184,2.5092,2.2723,2.3592,2.9914
Armenia,Revenue,AM,24.9148,23.5414,23.4014,25.2504,26.2134
Armenia,Social contributions,AM,0.0,0.0,0.0,0.0,0.0
Armenia,Tax revenue,AM,21.7615,21.2609,21.3066,22.6703,22.3301
Armenia,Taxes on goods & services,AM,8.8969,8.7863,9.0939,11.5891,11.7142
Armenia,"Taxes on income, profits, & capital gains",AM,9.3768,8.4388,9.1077,9.0001,9.0569
Armenia,Taxes on int trade & transactions,AM,1.0939,1.3041,1.3335,1.4484,1.104
Armenia,Taxes on payroll & workforce,AM,0.0,0.0,0.0,0.0,0.0
Armenia,Taxes on property,AM,0.471,0.4672,0.423,0.3928,0.401
Australia,Customs & other import duties,AU,0.8252,0.7858,0.8259,0.7968,0.9908
Australia,Grants revenue,AU,0.0,0.0,0.0,0.0,0.0
Australia,Grants revenue from foreign govts,AU,0.0,0.0,0.0,0.0,0.0
Australia,Grants revenue from int orgs,AU,0.0,0.0,0.0,0.0,0.0
Australia,Grants revenue from other gen govt,AU,0.0,0.0,0.0,0.0,0.0
Australia,Other revenue,AU,6.7032,6.8016,6.7634,6.8127,6.7653
Australia,Revenue,AU,33.9385,33.746,34.5945,34.7978,34.8019
Australia,Social contributions,AU,0.0,0.0,0.0,0.0,0.0
Australia,Tax revenue,AU,27.2353,26.9444,27.8311,27.9851,28.0367
Australia,Taxes on goods & services,AU,7.9453,7.7338,7.666,7.332,7.3683
Australia,"Taxes on income, profits, & capital gains",AU,15.5744,15.5625,16.4479,16.9244,16.6886
Australia,Taxes on int trade & transactions,AU,0.8258,0.7865,0.8259,0.7968,0.9908
Australia,Taxes on payroll & workforce,AU,1.3271,1.2733,1.2991,1.3011,1.2751
Australia,Taxes on property,AU,1.5628,1.5883,1.5922,1.6308,1.7139
Austria,Customs & other import duties,AT,0.0,0.0,0.0,0.0,0.0
Austria,Grants revenue,AT,0.0732,0.0603,0.111,0.1194,0.086
Austria,Grants revenue from foreign govts,AT,0.0112,0.01,0.0346,0.0476,0.0129
Austria,Grants revenue from int orgs,AT,0.062,0.0503,0.0763,0.0718,0.0731
Austria,Grants revenue from other gen govt,AT,0.0,0.0,0.0,0.0,0.0
Austria,Other revenue,AT,6.161,6.0531,6.0757,6.0424,6.2585
Austria,Revenue,AT,48.4772,48.4364,48.8596,49.1233,48.7696
Austria,Social contributions,AT,15.1041,15.1735,15.2452,15.3721,16.0668
Austria,Tax revenue,AT,27.139,27.1496,27.4277,27.5893,26.3583
Austria,Taxes on goods & services,AT,12.2025,12.1932,11.9934,12.0177,11.763
Austria,"Taxes on income, profits, & capital gains",AT,12.0065,12.1713,12.7199,12.8709,11.8576
Austria,Taxes on int trade & transactions,AT,0.0,0.0,0.0,0.0,0.0
Austria,Taxes on payroll & workforce,AT,2.6279,2.4846,2.4109,2.4192,2.4556
Austria,Taxes on property,AT,0.231,0.2254,0.231,0.2114,0.2308
Azerbaijan,Customs & other import duties,AZ,0.992,0.9989,1.1006,1.3529,
Azerbaijan,Grants revenue,AZ,0.0,0.0,0.0065,0.0,
Azerbaijan,Grants revenue from foreign govts,AZ,0.0,0.0,0.0,0.0,
Azerbaijan,Grants revenue from int orgs,AZ,0.0,0.0,0.0,0.0,
Azerbaijan,Grants revenue from other gen govt,AZ,0.0,0.0,0.0065,0.0,
Azerbaijan,Other revenue,AZ,17.3889,19.0947,23.7232,25.1357,
Azerbaijan,Revenue,AZ,35.2516,35.3386,39.7199,43.128,
Azerbaijan,Social contributions,AZ,3.1791,2.9653,2.9055,3.6507,
Azerbaijan,Tax revenue,AZ,14.6835,13.2786,13.0847,14.3416,
Azerbaijan,Taxes on goods & services,AZ,7.8949,6.8981,7.0528,8.0558,
Azerbaijan,"Taxes on income, profits, & capital gains",AZ,5.2099,4.7572,4.3921,4.302,
Azerbaijan,Taxes on int trade & transactions,AZ,1.1838,1.276,1.3307,1.6461,
Azerbaijan,Taxes on payroll & workforce,AZ,0.0,0.0,0.0,0.0,
Azerbaijan,Taxes on property,AZ,0.3949,0.3473,0.309,0.3376,
Belarus,Customs & other import duties,BY,1.0099,1.0676,1.0396,1.036,1.059
Belarus,Grants revenue,BY,0.2568,1.1987,1.738,1.3345,0.4002
Belarus,Grants revenue from foreign govts,BY,0.256,1.1862,1.7273,1.3176,0.382
Belarus,Grants revenue from int orgs,BY,0.0008,0.0124,0.0108,0.0169,0.0181
Belarus,Grants revenue from other gen govt,BY,0.0,0.0,0.0,0.0,0.0
Belarus,Other revenue,BY,6.1453,7.7444,7.3205,7.2303,7.1405
Belarus,Revenue,BY,42.1508,43.515,44.6787,43.1754,40.762
Belarus,Social contributions,BY,10.6276,10.406,10.5556,10.8103,10.9458
Belarus,Tax revenue,BY,25.121,24.166,25.0646,23.8003,22.2756
Belarus,Taxes on goods & services,BY,12.8227,12.0342,11.8909,11.5649,11.7472
Belarus,"Taxes on income, profits, & capital gains",BY,6.8501,7.1136,7.146,7.4163,6.677
Belarus,Taxes on int trade & transactions,BY,3.6143,3.3539,4.4977,3.5234,2.8048
Belarus,Taxes on payroll & workforce,BY,0.0,0.0,0.0,0.0,0.0
Belarus,Taxes on property,BY,1.6771,1.5276,1.4202,1.1929,0.9492
Belgium,Customs & other import duties,BE,0.0,0.0,0.0,0.0,0.0
Belgium,Grants revenue,BE,0.1189,0.1213,0.1343,0.1497,0.1522
Belgium,Grants revenue from foreign govts,BE,0.0178,0.0226,0.0292,0.0286,0.0294
Belgium,Grants revenue from int orgs,BE,0.1011,0.0987,0.1051,0.1211,0.1228
Belgium,Grants revenue from other gen govt,BE,0.0,0.0,0.0,0.0,0.0
Belgium,Other revenue,BE,4.062,4.0892,4.0678,4.016,3.8655
Belgium,Revenue,BE,50.0264,50.6127,50.6311,49.4129,50.001
Belgium,Social contributions,BE,15.7184,15.6596,15.4878,15.4459,16.1618
Belgium,Tax revenue,BE,30.1271,30.7426,30.9412,29.8012,29.8214
Belgium,Taxes on goods & services,BE,12.4199,12.4043,12.4767,12.4406,12.2207
Belgium,"Taxes on income, profits, & capital gains",BE,15.5107,16.1619,16.2915,15.2442,15.4526
Belgium,Taxes on int trade & transactions,BE,0.0,0.0,0.0,0.0,0.0
Belgium,Taxes on payroll & workforce,BE,0.0,0.0,0.0,0.0,0.0
Belgium,Taxes on property,BE,2.1913,2.1714,2.168,2.1115,2.1429
Bulgaria,Customs & other import duties,BG,0.0144,0.0137,0.0144,0.0111,0.009
Bulgaria,Grants revenue,BG,,,,,
Bulgaria,Grants revenue from foreign govts,BG,,,,,
Bulgaria,Grants revenue from int orgs,BG,,,,,
Bulgaria,Grants revenue from other gen govt,BG,0.0,0.0,0.0,0.0,0.0
Bulgaria,Other revenue,BG,,,,,
Bulgaria,Revenue,BG,35.1712,36.5347,38.7468,37.8122,38.2439
Bulgaria,Social contributions,BG,7.7468,8.2628,8.6694,8.8615,9.2755
Bulgaria,Tax revenue,BG,21.3005,21.4952,20.8456,21.4498,21.503
Bulgaria,Taxes on goods & services,BG,15.081,15.0044,14.4333,15.0427,14.9882
Bulgaria,"Taxes on income, profits, & capital gains",BG,5.4115,5.7009,5.6303,5.6779,5.7461
Bulgaria,Taxes on int trade & transactions,BG,0.0144,0.0137,0.0144,0.0111,0.009
Bulgaria,Taxes on payroll & workforce,BG,0.0277,0.0291,0.0308,0.0145,0.024
Bulgaria,Taxes on property,BG,0.5881,0.5763,0.5616,0.5439,0.5706
Canada,Customs & other import duties,CA,,,,,
Canada,Grants revenue,CA,0.0554,0.0539,0.0535,0.056,0.0645
Canada,Grants revenue from foreign govts,CA,,,,,
Canada,Grants revenue from int orgs,CA,,,,,
Canada,Grants revenue from other gen govt,CA,,,,,
Canada,Other revenue,CA,6.9298,7.1597,7.4055,7.3749,7.1301
Canada,Revenue,CA,40.3553,40.397,41.0757,40.7144,41.7113
Canada,Social contributions,CA,4.8202,4.5571,4.583,4.6238,4.8198
Canada,Tax revenue,CA,28.5499,28.6263,29.0338,28.6597,29.697
Canada,Taxes on goods & services,CA,7.5648,7.7174,7.6502,7.5779,7.3818
Canada,"Taxes on income, profits, & capital gains",CA,16.1127,16.1074,16.6216,16.3405,17.3372
Canada,Taxes on int trade & transactions,CA,0.269,0.2608,0.2965,0.2371,0.1818
Canada,Taxes on payroll & workforce,CA,0.6755,0.6681,0.665,0.7524,0.7867
Canada,Taxes on property,CA,3.9232,3.8681,3.7962,3.7481,4.0057
China,Customs & other import duties,CN,0.3555,0.3677,0.3164,0.2967,0.2553
China,Grants revenue,CN,0.0,0.0,0.0,0.0,0.0
China,Grants revenue from foreign govts,CN,0.0,0.0,0.0,0.0,0.0
China,Grants revenue from int orgs,CN,0.0,0.0,0.0,0.0,0.0
China,Grants revenue from other gen govt,CN,0.0,0.0,0.0,0.0,0.0
China,Other revenue,CN,4.3804,3.8474,3.3403,3.9362,3.4714
China,Revenue,CN,28.1596,27.81,28.1478,27.2682,24.5405
China,Social contributions,CN,4.8901,5.1168,6.2838,6.0554,4.7995
China,Tax revenue,CN,18.8891,18.8458,18.5238,17.2766,16.2696
China,Taxes on goods & services,CN,11.426,11.2201,11.1196,10.5105,9.7559
China,"Taxes on income, profits, & capital gains",CN,5.22,5.3178,5.372,4.814,4.6795
China,Taxes on int trade & transactions,CN,0.3555,0.3677,0.3164,0.2967,0.2553
China,Taxes on payroll & workforce,CN,0.0,0.0,0.0,0.0,0.0
China,Taxes on property,CN,1.5282,1.4839,1.4269,1.405,1.3232
Croatia,Customs & other import duties,HR,-0.0176,-0.008,0.0024,-0.0004,0.0034
Croatia,Grants revenue,HR,,,,1.607,2.691
Croatia,Grants revenue from foreign govts,HR,,,,0.0327,0.0305
Croatia,Grants revenue from int orgs,HR,,,,1.5743,2.6605
Croatia,Grants revenue from other gen govt,HR,0.0,0.0,0.0,0.0,0.0
Croatia,Other revenue,HR,,,,7.2546,7.5254
Croatia,Revenue,HR,46.5435,46.0807,46.3371,47.4726,48.0347
Croatia,Social contributions,HR,11.8821,11.8731,11.9133,11.7727,12.1312
Croatia,Tax revenue,HR,25.773,25.7138,26.3366,26.8384,25.6871
Croatia,Taxes on goods & services,HR,19.141,19.3296,19.7447,20.0071,18.8851
Croatia,"Taxes on income, profits, & capital gains",HR,5.9333,5.6871,5.8865,6.092,6.07
Croatia,Taxes on int trade & transactions,HR,-0.0176,-0.008,0.0024,-0.0004,0.0034
Croatia,Taxes on payroll & workforce,HR,0.0,0.0,0.0,0.0,0.0
Croatia,Taxes on property,HR,0.7163,0.7052,0.7029,0.7397,0.7286
Cyprus,Customs & other import duties,CY,-0.0069,0.0239,0.021,0.0669,0.0
Cyprus,Grants revenue,CY,,,,,
Cyprus,Grants revenue from foreign govts,CY,,,,,
Cyprus,Grants revenue from int orgs,CY,,,,,
Cyprus,Grants revenue from other gen govt,CY,0.0,0.0,0.0,0.0,0.0
Cyprus,Other revenue,CY,,,,,
Cyprus,Revenue,CY,37.4483,38.4311,39.2379,40.6509,40.4003
Cyprus,Social contributions,CY,8.1509,8.499,8.6172,10.6703,11.5711
Cyprus,Tax revenue,CY,23.9179,24.4395,24.6972,24.6403,23.9922
Cyprus,Taxes on goods & services,CY,13.3592,13.3062,13.6827,13.4603,12.5415
Cyprus,"Taxes on income, profits, & capital gains",CY,8.6316,9.1119,9.1571,9.248,9.6647
Cyprus,Taxes on int trade & transactions,CY,-0.0069,0.0239,0.021,0.0669,0.0
Cyprus,Taxes on payroll & workforce,CY,0.9335,0.9856,1.0097,1.0508,1.0777
Cyprus,Taxes on property,CY,0.4358,0.3131,0.272,0.284,0.2586
Czech Republic,Customs & other import duties,CZ,0.0,0.0,0.0,0.0,0.0
Czech Republic,Grants revenue,CZ,0.6847,0.8004,1.1414,1.1293,1.1653
Czech Republic,Grants revenue from foreign govts,CZ,0.0721,0.0545,0.0395,0.0297,0.0248
Czech Republic,Grants revenue from int orgs,CZ,0.6126,0.7459,1.1019,1.0996,1.1406
Czech Republic,Grants revenue from other gen govt,CZ,0.0,0.0,0.0,0.0,0.0
Czech Republic,Other revenue,CZ,4.1377,3.7096,3.7393,3.6218,3.6382
Czech Republic,Revenue,CZ,39.7479,39.774,40.7367,40.5635,40.7491
Czech Republic,Social contributions,CZ,14.6563,14.8614,15.4142,15.4585,15.9696
Czech Republic,Tax revenue,CZ,20.2692,20.4025,20.4418,20.3539,19.9759
Czech Republic,Taxes on goods & services,CZ,12.1994,12.2197,11.9321,11.8487,11.3932
Czech Republic,"Taxes on income, profits, & capital gains",CZ,7.8028,7.9208,8.2725,8.2834,8.3476
Czech Republic,Taxes on int trade & transactions,CZ,0.0,0.0,0.0,0.0,0.0
Czech Republic,Taxes on payroll & workforce,CZ,0.0,0.0,0.0,0.0,0.0
Czech Republic,Taxes on property,CZ,0.223,0.2128,0.2031,0.1905,0.2053
Denmark,Customs & other import duties,DK,0.0,0.0,0.0,0.0,0.0
Denmark,Grants revenue,DK,,,,,
Denmark,Grants revenue from foreign govts,DK,,,,,
Denmark,Grants revenue from int orgs,DK,,,,,
Denmark,Grants revenue from other gen govt,DK,0.0,0.0,0.0,0.0,0.0
Denmark,Other revenue,DK,,,,,
Denmark,Revenue,DK,52.3726,52.3358,51.3088,53.5808,53.2514
Denmark,Social contributions,DK,0.9345,0.8873,0.8444,0.8201,0.8296
Denmark,Tax revenue,DK,45.5154,45.5006,44.173,46.5831,46.6153
Denmark,Taxes on goods & services,DK,14.2305,14.0428,14.1434,13.6258,13.8293
Denmark,"Taxes on income, profits, & capital gains",DK,28.1496,28.4059,26.9363,29.6359,29.5063
Denmark,Taxes on int trade & transactions,DK,0.017,0.0157,0.0184,0.0231,0.0193
Denmark,Taxes on payroll & workforce,DK,0.6654,0.6398,0.6746,0.684,0.6925
Denmark,Taxes on property,DK,2.1881,2.1248,2.1195,2.3261,2.2778
El Salvador,Customs & other import duties,SV,0.8534,0.8438,0.8739,0.8629,0.7582
El Salvador,Grants revenue,SV,0.0953,0.14,0.1952,0.1811,0.7103
El Salvador,Grants revenue from foreign govts,SV,0.0499,0.0371,0.0945,0.0316,0.0544
El Salvador,Grants revenue from int orgs,SV,0.0456,0.103,0.1007,0.1495,0.1071
El Salvador,Grants revenue from other gen govt,SV,-0.0001,-0.0001,0.0,0.0,0.5487
El Salvador,Other revenue,SV,4.8659,5.5052,5.1101,4.0057,3.777
El Salvador,Revenue,SV,25.3795,26.4077,26.1948,25.3355,25.8524
El Salvador,Social contributions,SV,2.7079,2.6841,2.4596,2.7788,2.4177
El Salvador,Tax revenue,SV,17.7104,18.0784,18.4298,18.3699,18.9474
El Salvador,Taxes on goods & services,SV,9.6045,9.9303,10.2241,10.1146,10.2242
El Salvador,"Taxes on income, profits, & capital gains",SV,6.8174,6.8971,6.9467,6.9945,7.5596
El Salvador,Taxes on int trade & transactions,SV,0.8534,0.8438,0.8739,0.8629,0.7582
El Salvador,Taxes on payroll & workforce,SV,0.0,0.0,0.0,0.0,0.0
El Salvador,Taxes on property,SV,0.4291,0.4003,0.3774,0.3952,0.4055
Estonia,Customs & other import duties,EE,0.0,0.0,0.0,0.0,0.0
Estonia,Grants revenue,EE,1.3192,1.659,1.9196,1.8484,2.1797
Estonia,Grants revenue from foreign govts,EE,0.4529,0.3453,0.4067,0.3873,0.5269
Estonia,Grants revenue from int orgs,EE,0.8663,1.3137,1.5129,1.4611,1.6527
Estonia,Grants revenue from other gen govt,EE,0.0,0.0,0.0,0.0,0.0
Estonia,Other revenue,EE,3.4243,3.536,3.1813,3.4295,3.1537
Estonia,Revenue,EE,38.3214,38.0861,38.2168,38.8598,39.5062
Estonia,Social contributions,EE,11.4784,11.6543,11.7899,12.0058,12.734
Estonia,Tax revenue,EE,22.0995,21.2368,21.326,21.5761,21.4389
Estonia,Taxes on goods & services,EE,14.343,13.8206,13.6297,14.0045,13.3884
Estonia,"Taxes on income, profits, & capital gains",EE,7.4852,7.1746,7.4718,7.3585,7.8328
Estonia,Taxes on int trade & transactions,EE,0.0,0.0,0.0,0.0,0.0
Estonia,Taxes on payroll & workforce,EE,0.0,0.0,0.0,0.0,0.0
Estonia,Taxes on property,EE,0.2713,0.2416,0.2245,0.2131,0.2177
Finland,Customs & other import duties,FI,0.0,0.0,0.0,0.0,0.0
Finland,Grants revenue,FI,0.1995,0.2121,0.2266,0.2282,0.2409
Finland,Grants revenue from foreign govts,FI,0.0156,0.0155,0.0146,0.015,0.014
Finland,Grants revenue from int orgs,FI,0.1839,0.1966,0.212,0.2132,0.2269
Finland,Grants revenue from other gen govt,FI,0.0,0.0,0.0,0.0,0.0
Finland,Other revenue,FI,9.0567,8.9341,8.8633,8.891,8.6359
Finland,Revenue,FI,52.9984,52.0042,51.4927,51.303,50.9404
Finland,Social contributions,FI,12.844,12.0636,11.9571,11.8873,11.6691
Finland,Tax revenue,FI,30.8981,30.7944,30.4457,30.2965,30.3944
Finland,Taxes on goods & services,FI,14.7096,14.3831,14.5772,14.4154,14.4436
Finland,"Taxes on income, profits, & capital gains",FI,15.1808,15.2257,14.7956,14.7899,14.7857
Finland,Taxes on int trade & transactions,FI,0.0,0.0,0.0,0.0,0.0
Finland,Taxes on payroll & workforce,FI,0.0,0.0,0.0,0.0,0.0
Finland,Taxes on property,FI,1.0077,1.1856,1.073,1.0912,1.1652
France,Customs & other import duties,FR,0.0265,0.0252,0.026,0.0265,0.0337
France,Grants revenue,FR,,,,,
France,Grants revenue from foreign govts,FR,,,,,
France,Grants revenue from int orgs,FR,,,,,
France,Grants revenue from other gen govt,FR,0.0,0.0,0.0,0.0,0.0
France,Other revenue,FR,,,,,
France,Revenue,FR,52.3879,52.8853,52.7011,51.6328,51.8728
France,Social contributions,FR,18.5889,18.5983,17.8557,16.6132,16.7036
France,Tax revenue,FR,28.8793,29.4918,30.088,30.3109,30.6098
France,Taxes on goods & services,FR,11.8116,12.084,12.2847,12.2913,12.2273
France,"Taxes on income, profits, & capital gains",FR,11.1498,11.452,12.1534,12.2058,12.3831
France,Taxes on int trade & transactions,FR,0.0265,0.0252,0.026,0.0265,0.0337
France,Taxes on payroll & workforce,FR,1.5866,1.5925,1.5725,1.8505,1.9666
France,Taxes on property,FR,4.251,4.2865,4.0056,3.9006,3.964
Georgia,Customs & other import duties,GE,0.1956,0.1757,0.1646,0.1606,0.1521
Georgia,Grants revenue,GE,0.8296,0.7191,0.7691,0.8627,0.8463
Georgia,Grants revenue from foreign govts,GE,0.2897,0.2549,0.265,0.1943,0.0403
Georgia,Grants revenue from int orgs,GE,0.54,0.4642,0.504,0.6684,0.8061
Georgia,Grants revenue from other gen govt,GE,0.0,0.0,0.0,0.0,0.0
Georgia,Other revenue,GE,5.7088,6.0206,4.4288,4.2881,4.1687
Georgia,Revenue,GE,31.0559,31.048,28.6179,29.2311,27.4602
Georgia,Social contributions,GE,0.0,0.0,0.0,0.0,0.0
Georgia,Tax revenue,GE,24.5175,24.3084,23.4201,24.0803,22.4452
Georgia,Taxes on goods & services,GE,12.1556,13.6734,13.2123,13.6961,12.5773
Georgia,"Taxes on income, profits, & capital gains",GE,9.6827,9.0171,8.9322,8.8302,8.6803
Georgia,Taxes on int trade & transactions,GE,0.1956,0.1757,0.1646,0.1606,0.1521
Georgia,Taxes on payroll & workforce,GE,0.0,0.0,0.0,0.0,0.0
Georgia,Taxes on property,GE,1.0141,0.9683,0.9893,0.963,0.8866
Germany,Customs & other import duties,DE,0.0,0.0,0.0,0.0,0.0
Germany,Grants revenue,DE,0.1693,0.1004,0.1252,0.1161,0.1259
Germany,Grants revenue from foreign govts,DE,0.0029,0.0002,0.0003,0.0002,0.0002
Germany,Grants revenue from int orgs,DE,0.1664,0.1001,0.1249,0.1159,0.1257
Germany,Grants revenue from other gen govt,DE,0.0,0.0,0.0,0.0,0.0
Germany,Other revenue,DE,4.4444,4.3462,4.5278,4.5245,4.524
Germany,Revenue,DE,44.9194,44.9333,45.6522,45.8871,45.9266
Germany,Social contributions,DE,16.7252,16.8183,17.0016,17.2232,18.0531
Germany,Tax revenue,DE,23.5806,23.6684,23.9977,24.0233,23.2237
Germany,Taxes on goods & services,DE,10.0878,9.9715,9.9605,9.9875,9.5361
Germany,"Taxes on income, profits, & capital gains",DE,12.1971,12.4484,12.7696,12.7441,12.242
Germany,Taxes on int trade & transactions,DE,0.0,0.0,0.0,0.0,0.0
Germany,Taxes on payroll & workforce,DE,0.0,0.0,0.0,0.0,0.0
Germany,Taxes on property,DE,0.6591,0.6147,0.6239,0.6168,0.6928
Greece,Customs & other import duties,GR,0.0,0.0,0.0039,0.0,0.0
Greece,Grants revenue,GR,,,,,
Greece,Grants revenue from foreign govts,GR,,,,,
Greece,Grants revenue from int orgs,GR,,,,,
Greece,Grants revenue from other gen govt,GR,0.0,0.0,0.0,0.0,0.0
Greece,Other revenue,GR,,,,,
Greece,Revenue,GR,49.5572,48.3252,48.6543,48.1602,48.6836
Greece,Social contributions,GR,14.2955,14.6755,14.6177,14.5322,15.3398
Greece,Tax revenue,GR,27.6554,27.3799,27.8695,27.1208,25.6606
Greece,Taxes on goods & services,GR,15.654,15.5612,15.7834,15.7584,14.908
Greece,"Taxes on income, profits, & capital gains",GR,8.9728,8.8077,9.1628,8.5283,7.9063
Greece,Taxes on int trade & transactions,GR,0.0,0.0,0.0039,0.0,0.0
Greece,Taxes on payroll & workforce,GR,0.0,0.0,0.0,0.0,0.0
Greece,Taxes on property,GR,2.8306,2.8083,2.7297,2.5658,2.6497
Guatemala,Customs & other import duties,GT,0.4593,0.3855,0.4648,0.455,0.4119
Guatemala,Grants revenue,GT,0.0187,0.0402,0.0428,0.023,0.0184
Guatemala,Grants revenue from foreign govts,GT,0.0068,0.0136,0.0136,0.0086,0.0047
Guatemala,Grants revenue from int orgs,GT,0.0119,0.0266,0.0292,0.0144,0.0137
Guatemala,Grants revenue from other gen govt,GT,-0.0,0.0,0.0,-0.0,-0.0
Guatemala,Other revenue,GT,1.4184,1.1468,1.1949,1.234,1.1184
Guatemala,Revenue,GT,15.2094,13.0487,15.2295,15.0747,14.3921
Guatemala,Social contributions,GT,2.8658,2.2572,2.879,2.8442,2.7863
Guatemala,Tax revenue,GT,10.9066,9.6044,11.1128,10.9736,10.469
Guatemala,Taxes on goods & services,GT,6.1701,5.5089,6.4272,6.4168,6.0661
Guatemala,"Taxes on income, profits, & capital gains",GT,3.8501,3.349,3.7721,3.6627,3.6075
Guatemala,Taxes on int trade & transactions,GT,0.5155,0.4337,0.5216,0.5122,0.4316
Guatemala,Taxes on payroll & workforce,GT,0.0824,0.0666,0.0852,0.0817,0.0747
Guatemala,Taxes on property,GT,0.1942,0.1604,0.2026,0.2052,0.2041
Hong Kong,Customs & other import duties,HK,0.0361,0.0376,0.0247,0.0141,0.015
Hong Kong,Grants revenue,HK,0.0,0.0,0.0,0.0,0.0
Hong Kong,Grants revenue from foreign govts,HK,0.0,0.0,0.0,0.0,0.0
Hong Kong,Grants revenue from int orgs,HK,0.0,0.0,0.0,0.0,0.0
Hong Kong,Grants revenue from other gen govt,HK,0.0,0.0,0.0,0.0,0.0
Hong Kong,Other revenue,HK,11.0295,11.4754,9.9809,10.0568,9.2998
Hong Kong,Revenue,HK,24.6045,25.7857,23.7883,23.3088,23.3505
Hong Kong,Social contributions,HK,0.0,0.0,0.0,0.0,0.0
Hong Kong,Tax revenue,HK,13.5751,14.3104,13.8074,13.252,14.0507
Hong Kong,Taxes on goods & services,HK,4.3002,5.4594,4.6201,3.9897,4.8144
Hong Kong,"Taxes on income, profits, & capital gains",HK,8.1587,7.753,8.3268,8.2957,7.9056
Hong Kong,Taxes on int trade & transactions,HK,0.0361,0.0376,0.0247,0.0141,0.015
Hong Kong,Taxes on payroll & workforce,HK,0.0,0.0,0.0,0.0,0.0
Hong Kong,Taxes on property,HK,0.9757,0.9588,0.7336,0.8718,1.3157
Hungary,Customs & other import duties,HU,0.0,0.0,0.0,0.0,0.0
Hungary,Grants revenue,HU,0.8641,1.0767,2.0137,2.3051,2.3098
Hungary,Grants revenue from foreign govts,HU,0.0493,0.0292,0.0256,0.026,0.0287
Hungary,Grants revenue from int orgs,HU,0.8149,1.0475,1.9881,2.2791,2.2811
Hungary,Grants revenue from other gen govt,HU,0.0,0.0,0.0,0.0,0.0
Hungary,Other revenue,HU,4.7295,4.9442,4.8013,4.525,4.655
Hungary,Revenue,HU,44.6649,43.8734,43.613,43.1312,43.3529
Hungary,Social contributions,HU,13.7518,12.7908,12.1138,11.7494,11.2987
Hungary,Tax revenue,HU,25.3195,25.0617,24.6841,24.5517,25.0895
Hungary,Taxes on goods & services,HU,16.9349,16.6454,16.7976,16.6189,16.9067
Hungary,"Taxes on income, profits, & capital gains",HU,7.0178,6.9472,6.3978,6.384,6.6304
Hungary,Taxes on int trade & transactions,HU,0.0,0.0,0.0,0.0,0.0
Hungary,Taxes on payroll & workforce,HU,0.7474,0.867,0.9462,1.0413,1.05
Hungary,Taxes on property,HU,0.6193,0.6021,0.5426,0.5075,0.5024
Iceland,Customs & other import duties,IS,0.2025,0.1481,0.145,0.1126,0.0876
Iceland,Grants revenue,IS,0.1195,0.1061,0.116,0.1242,0.1077
Iceland,Grants revenue from foreign govts,IS,0.0,0.0,0.0,0.0,0.0
Iceland,Grants revenue from int orgs,IS,0.1195,0.1061,0.116,0.1242,0.1077
Iceland,Grants revenue from other gen govt,IS,0.0,0.0,0.0,0.0,0.0
Iceland,Other revenue,IS,8.669,8.2125,8.2812,6.9128,5.7303
Iceland,Revenue,IS,59.0742,45.4488,44.9047,41.9105,41.8828
Iceland,Social contributions,IS,3.3984,3.3933,3.4587,3.1993,3.0049
Iceland,Tax revenue,IS,46.8873,33.7369,33.0489,31.6741,33.0398
Iceland,Taxes on goods & services,IS,11.6719,12.477,12.1608,11.3245,11.3375
Iceland,"Taxes on income, profits, & capital gains",IS,17.0993,18.3196,18.0179,17.41,18.3937
Iceland,Taxes on int trade & transactions,IS,0.2025,0.1481,0.145,0.1126,0.0876
Iceland,Taxes on payroll & workforce,IS,0.2936,0.3008,0.3008,0.2996,0.314
Iceland,Taxes on property,IS,17.0259,1.8689,1.8251,1.9167,2.255
Indonesia,Customs & other import duties,ID,0.2546,0.2537,0.2618,0.2327,0.2065
Indonesia,Grants revenue,ID,0.0258,0.0308,0.0155,0.0171,0.2427
Indonesia,Grants revenue from foreign govts,ID,0.0258,0.0307,0.0155,0.0113,0.011
Indonesia,Grants revenue from int orgs,ID,0.0,0.0,0.0,0.0,0.0
Indonesia,Grants revenue from other gen govt,ID,-0.0,0.0,0.0,0.0058,0.2318
Indonesia,Other revenue,ID,2.8243,3.0822,3.2001,3.1815,2.9427
Indonesia,Revenue,ID,14.4528,14.3154,14.774,14.2697,12.7973
Indonesia,Social contributions,ID,0.0,0.0,0.0,0.0,0.0
Indonesia,Tax revenue,ID,11.6027,11.2025,11.5584,11.0711,9.6118
Indonesia,Taxes on goods & services,ID,5.5283,5.6997,5.805,5.5622,5.0495
Indonesia,"Taxes on income, profits, & capital gains",ID,5.3719,4.7594,5.0542,4.8777,3.8488
Indonesia,Taxes on int trade & transactions,ID,0.2788,0.2843,0.3074,0.255,0.2342
Indonesia,Taxes on payroll & workforce,ID,0.0,0.0,0.0,0.0,0.0
Indonesia,Taxes on property,ID,0.3847,0.4215,0.3549,0.3404,0.4463
Ireland,Customs & other import duties,IE,0.0,0.0,0.0,0.0,0.0
Ireland,Grants revenue,IE,,,,,
Ireland,Grants revenue from foreign govts,IE,,,,,
Ireland,Grants revenue from int orgs,IE,,,,,
Ireland,Grants revenue from other gen govt,IE,0.0,0.0,0.0,0.0,0.0
Ireland,Other revenue,IE,,,,,
Ireland,Revenue,IE,27.2933,25.9072,25.4794,24.7132,22.425
Ireland,Social contributions,IE,4.7908,4.6108,4.4856,4.4413,4.0147
Ireland,Tax revenue,IE,19.5564,18.7637,18.571,18.141,16.7054
Ireland,Taxes on goods & services,IE,8.216,7.8471,7.4087,7.2053,6.0351
Ireland,"Taxes on income, profits, & capital gains",IE,10.3287,9.9692,10.2107,9.9983,9.8162
Ireland,Taxes on int trade & transactions,IE,0.0,0.0,0.0,0.0,0.0
Ireland,Taxes on payroll & workforce,IE,0.1444,0.1452,0.1734,0.217,0.1922
Ireland,Taxes on property,IE,0.8252,0.7761,0.7474,0.691,0.4612
Israel,Customs & other import duties,IL,0.2684,0.2354,0.2076,0.2126,0.2052
Israel,Grants revenue,IL,1.0982,0.8036,0.7922,0.7235,0.6921
Israel,Grants revenue from foreign govts,IL,1.0982,0.8036,0.7922,0.7235,0.6921
Israel,Grants revenue from int orgs,IL,0.0,0.0,0.0,0.0,0.0
Israel,Grants revenue from other gen govt,IL,0.0,0.0,0.0,0.0,0.0
Israel,Other revenue,IL,3.5948,3.6747,3.6015,3.5296,3.3889
Israel,Revenue,IL,36.4845,37.4725,35.811,35.019,34.5269
Israel,Social contributions,IL,5.9217,5.9499,5.9467,5.8862,5.8411
Israel,Tax revenue,IL,25.8699,27.0444,25.4705,24.8797,24.6048
Israel,Taxes on goods & services,IL,12.2992,11.7938,11.725,11.3988,11.1913
Israel,"Taxes on income, profits, & capital gains",IL,10.1683,11.8554,10.4096,10.2176,10.2668
Israel,Taxes on int trade & transactions,IL,0.2684,0.2354,0.2076,0.2126,0.2052
Israel,Taxes on payroll & workforce,IL,1.1484,1.1883,1.1798,1.1398,1.1553
Israel,Taxes on property,IL,1.9855,1.9715,1.9486,1.9109,1.7862
Italy,Customs & other import duties,IT,0.0,0.0,0.0,0.0,0.0
Italy,Grants revenue,IT,0.0751,0.2609,0.1404,0.1567,0.1898
Italy,Grants revenue from foreign govts,IT,0.0104,0.0963,0.0253,0.0288,0.0325
Italy,Grants revenue from int orgs,IT,0.0647,0.1645,0.115,0.1279,0.1574
Italy,Grants revenue from other gen govt,IT,0.0,0.0,0.0,0.0,0.0
Italy,Other revenue,IT,3.7789,3.6569,3.7582,3.9409,3.8984
Italy,Revenue,IT,46.0839,45.7644,45.6184,46.4902,46.9633
Italy,Social contributions,IT,13.0103,12.9889,13.2342,13.525,13.8436
Italy,Tax revenue,IT,29.2196,28.8578,28.4856,28.8676,29.0315
Italy,Taxes on goods & services,IT,11.8766,11.9505,12.0212,12.0864,11.3524
Italy,"Taxes on income, profits, & capital gains",IT,13.9893,13.8585,13.4712,13.8908,14.6917
Italy,Taxes on int trade & transactions,IT,0.0,0.0,0.0,0.0,0.0
Italy,Taxes on payroll & workforce,IT,0.0,0.0,0.0,0.0,0.0
Italy,Taxes on property,IT,1.7265,1.5061,1.4367,1.4056,1.4605
Japan,Customs & other import duties,JP,0.1725,0.1852,0.1926,0.1681,0.1521
Japan,Grants revenue,JP,0.0012,0.0042,0.0003,0.0002,0.0001
Japan,Grants revenue from foreign govts,JP,0.0008,0.0042,0.0001,0.0001,0.0
Japan,Grants revenue from int orgs,JP,0.0004,0.0,0.0002,0.0001,0.0001
Japan,Grants revenue from other gen govt,JP,0.0,0.0,0.0,0.0,0.0
Japan,Other revenue,JP,3.7648,3.3864,3.2979,3.1761,3.1023
Japan,Revenue,JP,34.7306,34.9455,35.5043,35.254,36.7476
Japan,Social contributions,JP,12.7024,12.8377,13.1262,13.2887,13.6933
Japan,Tax revenue,JP,18.2622,18.7171,19.0799,18.7891,19.9519
Japan,Taxes on goods & services,JP,6.5054,6.4302,6.4446,6.4755,7.1914
Japan,"Taxes on income, profits, & capital gains",JP,9.1643,9.6645,9.9937,9.6738,10.0237
Japan,Taxes on int trade & transactions,JP,0.1725,0.1852,0.1931,0.1713,0.1522
Japan,Taxes on payroll & workforce,JP,0.0,0.0,0.0,0.0,0.0
Japan,Taxes on property,JP,2.2517,2.2698,2.2802,2.2999,2.4111
Kazakhstan,Customs & other import duties,KZ,0.5633,0.546,0.5338,0.5339,0.4864
Kazakhstan,Grants revenue,KZ,0.0036,-0.0894,-0.0353,0.0027,-0.4486
Kazakhstan,Grants revenue from foreign govts,KZ,0.0,0.0,0.0013,0.0027,0.0002
Kazakhstan,Grants revenue from int orgs,KZ,0.0036,0.0008,0.0,0.0,0.0
Kazakhstan,Grants revenue from other gen govt,KZ,0.0,-0.0902,-0.0365,0.0,-0.4489
Kazakhstan,Other revenue,KZ,3.4966,5.6478,3.9141,3.4753,4.2502
Kazakhstan,Revenue,KZ,17.6238,19.901,19.5598,19.0806,17.3399
Kazakhstan,Social contributions,KZ,1.6918,0.5152,0.5387,0.5313,1.1654
Kazakhstan,Tax revenue,KZ,12.4318,13.8273,15.1422,15.0713,12.3729
Kazakhstan,Taxes on goods & services,KZ,4.1354,3.854,4.1995,4.7595,4.5195
Kazakhstan,"Taxes on income, profits, & capital gains",KZ,5.5575,5.7539,6.4261,6.0465,4.9497
Kazakhstan,Taxes on int trade & transactions,KZ,2.2854,2.6698,3.1032,2.8862,1.5536
Kazakhstan,Taxes on payroll & workforce,KZ,0.0,1.0604,0.9229,0.9139,0.9087
Kazakhstan,Taxes on property,KZ,0.4526,0.4705,0.4828,0.4638,0.4381
Kenya,Customs & other import duties,KE,,1.1015,1.0562,1.1057,0.9314
Kenya,Grants revenue,KE,0.4214,0.0,0.3104,0.0049,0.1883
Kenya,Grants revenue from foreign govts,KE,0.0,0.0,0.0,0.0,0.0
Kenya,Grants revenue from int orgs,KE,0.4214,0.0,0.3104,0.0049,0.1883
Kenya,Grants revenue from other gen govt,KE,0.0,0.0,0.0,0.0,0.0
Kenya,Other revenue,KE,4.1926,6.1183,4.1702,4.3334,2.7895
Kenya,Revenue,KE,21.5367,22.3665,20.2962,20.4914,17.6414
Kenya,Social contributions,KE,0.5917,0.4927,0.6225,0.1597,0.0053
Kenya,Tax revenue,KE,16.331,15.7555,15.1931,15.9934,14.6584
Kenya,Taxes on goods & services,KE,,6.5837,6.2256,7.2539,6.4023
Kenya,"Taxes on income, profits, & capital gains",KE,,7.6841,7.4992,7.1668,6.8188
Kenya,Taxes on int trade & transactions,KE,,1.3825,1.332,1.5727,1.4373
Kenya,Taxes on payroll & workforce,KE,,0.0,0.0,0.0,0.0
Kenya,Taxes on property,KE,,0.0,0.0,0.0,0.0
Kiribati,Customs & other import duties,KI,1.3506,2.0046,0.4111,1.8405,1.7989
Kiribati,Grants revenue,KI,6.0574,2.5597,16.3189,7.0747,18.0834
Kiribati,Grants revenue from foreign govts,KI,5.0436,0.5966,6.0836,2.697,15.6969
Kiribati,Grants revenue from int orgs,KI,1.0138,1.9631,10.2353,4.3777,2.3866
Kiribati,Grants revenue from other gen govt,KI,0.0,0.0,0.0,0.0,0.0
Kiribati,Other revenue,KI,68.3953,78.223,91.1817,89.3174,75.4723
Kiribati,Revenue,KI,99.9231,103.3717,128.7855,121.2528,117.8442
Kiribati,Social contributions,KI,0.0,0.0,0.0,0.0,0.0
Kiribati,Tax revenue,KI,25.4704,22.589,21.2849,24.8607,24.2884
Kiribati,Taxes on goods & services,KI,16.6528,13.1175,13.129,15.3985,14.8365
Kiribati,"Taxes on income, profits, & capital gains",KI,7.4671,7.4668,7.7447,7.6217,7.653
Kiribati,Taxes on int trade & transactions,KI,1.3506,2.0046,0.4111,1.8405,1.7989
Kiribati,Taxes on payroll & workforce,KI,0.0,0.0,0.0,0.0,0.0
Kiribati,Taxes on property,KI,0.0,0.0,0.0,0.0,0.0
Kosovo,Customs & other import duties,XK,2.1503,1.9871,1.8865,1.8914,1.5376
Kosovo,Grants revenue,XK,0.1986,0.1369,0.2316,0.349,0.6357
Kosovo,Grants revenue from foreign govts,XK,0.1446,0.1307,0.1247,0.276,0.6348
Kosovo,Grants revenue from int orgs,XK,0.0538,0.0061,0.0027,0.0021,0.0009
Kosovo,Grants revenue from other gen govt,XK,0.0,0.0,0.1043,0.071,0.0
Kosovo,Other revenue,XK,1.8204,1.8361,1.9035,2.0474,1.5447
Kosovo,Revenue,XK,26.8683,26.7827,26.7907,27.0266,25.5679
Kosovo,Social contributions,XK,0.0,0.0,0.0,0.0,0.0
Kosovo,Tax revenue,XK,24.8494,24.8097,24.6556,24.6301,23.3875
Kosovo,Taxes on goods & services,XK,18.9033,19.1837,18.7006,18.7262,17.9353
Kosovo,"Taxes on income, profits, & capital gains",XK,3.3795,3.2866,3.705,3.6255,3.5789
Kosovo,Taxes on int trade & transactions,XK,2.1503,1.9871,1.8865,1.8914,1.5376
Kosovo,Taxes on payroll & workforce,XK,0.0,0.0,0.0,0.0,0.0
Kosovo,Taxes on property,XK,0.4162,0.3526,0.3627,0.3866,0.3353
Kyrgyzstan,Customs & other import duties,KG,2.7994,3.0027,3.1025,3.6187,
Kyrgyzstan,Grants revenue,KG,2.0736,2.5386,1.6616,2.2877,
Kyrgyzstan,Grants revenue from foreign govts,KG,0.5515,0.9461,0.2021,0.9034,
Kyrgyzstan,Grants revenue from int orgs,KG,1.5221,1.5924,1.4595,1.3843,
Kyrgyzstan,Grants revenue from other gen govt,KG,0.0,0.0,0.0,0.0,
Kyrgyzstan,Other revenue,KG,5.957,6.0183,5.1922,5.9816,
Kyrgyzstan,Revenue,KG,33.1328,33.2869,32.4696,34.0731,
Kyrgyzstan,Social contributions,KG,5.5925,5.4674,5.3839,5.4929,
Kyrgyzstan,Tax revenue,KG,19.5097,19.2627,20.2319,20.3109,
Kyrgyzstan,Taxes on goods & services,KG,11.4146,11.0601,11.8313,11.0285,
Kyrgyzstan,"Taxes on income, profits, & capital gains",KG,4.6717,4.5982,4.6895,5.0535,
Kyrgyzstan,Taxes on int trade & transactions,KG,2.8991,3.1091,3.2174,3.7231,
Kyrgyzstan,Taxes on payroll & workforce,KG,0.0,0.0,0.0,0.0,
Kyrgyzstan,Taxes on property,KG,0.5238,0.4949,0.4935,0.5,
Latvia,Customs & other import duties,LV,-0.0167,0.0125,0.0157,0.0084,-0.0015
Latvia,Grants revenue,LV,1.0156,1.4124,1.9824,2.0582,1.7938
Latvia,Grants revenue from foreign govts,LV,0.0425,0.0229,0.0472,0.1498,0.1279
Latvia,Grants revenue from int orgs,LV,0.9731,1.3895,1.9353,1.9084,1.6659
Latvia,Grants revenue from other gen govt,LV,0.0,0.0,0.0,0.0,0.0
Latvia,Other revenue,LV,5.315,4.859,4.9557,4.2021,4.6906
Latvia,Revenue,LV,37.1577,37.5243,38.1205,37.433,38.4623
Latvia,Social contributions,LV,8.4926,8.7388,9.4936,10.0596,10.5294
Latvia,Tax revenue,LV,22.3345,22.5141,21.6887,21.113,21.4485
Latvia,Taxes on goods & services,LV,13.4979,13.427,13.8192,13.6387,13.811
Latvia,"Taxes on income, profits, & capital gains",LV,7.9314,8.1762,7.0314,6.6595,6.8205
Latvia,Taxes on int trade & transactions,LV,-0.0167,0.0125,0.0157,0.0084,-0.0015
Latvia,Taxes on payroll & workforce,LV,0.0119,0.0114,0.0107,0.0106,0.0107
Latvia,Taxes on property,LV,0.91,0.8871,0.8118,0.7958,0.8078
Lithuania,Customs & other import duties,LT,0.0,0.0,0.0,0.0,0.0
Lithuania,Grants revenue,LT,1.2058,1.026,1.3378,1.7194,1.649
Lithuania,Grants revenue from foreign govts,LT,0.0926,0.0331,0.0015,0.0037,0.0231
Lithuania,Grants revenue from int orgs,LT,1.1132,0.9929,1.3362,1.7157,1.6259
Lithuania,Grants revenue from other gen govt,LT,0.0,0.0,0.0,0.0,0.0
Lithuania,Other revenue,LT,3.1678,2.7231,2.746,2.7954,2.6861
Lithuania,Revenue,LT,34.1338,33.2883,34.2472,34.9334,35.7351
Lithuania,Social contributions,LT,12.4559,12.5395,13.0214,10.0442,10.8271
Lithuania,Tax revenue,LT,17.3043,16.9997,17.142,20.3744,20.573
Lithuania,Taxes on goods & services,LT,11.3266,11.3282,11.2492,11.2772,11.4801
Lithuania,"Taxes on income, profits, & capital gains",LT,5.5929,5.3533,5.5798,8.7863,8.7807
Lithuania,Taxes on int trade & transactions,LT,0.0,0.0,0.0,0.0,0.0
Lithuania,Taxes on payroll & workforce,LT,0.0432,0.0,0.0,0.0,0.0
Lithuania,Taxes on property,LT,0.3275,0.3051,0.301,0.2979,0.3007
Luxembourg,Customs & other import duties,LU,0.0,0.0,0.0,0.0,0.0
Luxembourg,Grants revenue,LU,,,,,
Luxembourg,Grants revenue from foreign govts,LU,,,,,
Luxembourg,Grants revenue from int orgs,LU,,,,,
Luxembourg,Grants revenue from other gen govt,LU,0.0,0.0,0.0,0.0,0.0
Luxembourg,Other revenue,LU,,,,,
Luxembourg,Revenue,LU,42.3828,43.0449,44.7272,43.9916,43.0707
Luxembourg,Social contributions,LU,11.8098,12.1759,12.1543,12.1202,12.6353
Luxembourg,Tax revenue,LU,25.7787,26.6354,28.4656,27.9176,26.8919
Luxembourg,Taxes on goods & services,LU,10.9614,11.3484,11.3827,11.1353,10.7843
Luxembourg,"Taxes on income, profits, & capital gains",LU,13.5658,14.0066,15.6386,15.237,14.6074
Luxembourg,Taxes on int trade & transactions,LU,0.0,0.0,0.0,0.0,0.0
Luxembourg,Taxes on payroll & workforce,LU,0.0,0.0,0.0,0.0,0.0
Luxembourg,Taxes on property,LU,1.1524,1.1794,1.3508,1.4542,1.4091
Macao,Customs & other import duties,MO,0.0,0.0,0.0,0.0,0.0
Macao,Grants revenue,MO,0.0,0.0,0.0,0.0,0.0
Macao,Grants revenue from foreign govts,MO,0.0,0.0,0.0,0.0,0.0
Macao,Grants revenue from int orgs,MO,0.0,0.0,0.0,0.0,0.0
Macao,Grants revenue from other gen govt,MO,0.0,0.0,0.0,0.0,0.0
Macao,Other revenue,MO,2.4052,2.7853,1.8542,3.0047,5.9348
Macao,Revenue,MO,30.2247,31.8751,31.3186,32.8512,28.9154
Macao,Social contributions,MO,0.0531,0.0946,0.0874,0.1069,0.2467
Macao,Tax revenue,MO,27.7663,28.9951,29.377,29.7395,22.7338
Macao,Taxes on goods & services,MO,25.182,26.5913,27.2071,27.2141,17.4452
Macao,"Taxes on income, profits, & capital gains",MO,2.1388,1.9695,1.7549,2.1522,4.6255
Macao,Taxes on int trade & transactions,MO,0.0,0.0,0.0,0.0,0.0
Macao,Taxes on payroll & workforce,MO,0.0,0.0,0.0,0.0,0.0
Macao,Taxes on property,MO,0.2764,0.2605,0.2421,0.2378,0.4151
Malta,Customs & other import duties,MT,0.0,0.0,0.0,0.0,0.0
Malta,Grants revenue,MT,,,,,
Malta,Grants revenue from foreign govts,MT,,,,,
Malta,Grants revenue from int orgs,MT,0.4143,0.5424,0.9944,0.9216,1.106
Malta,Grants revenue from other gen govt,MT,0.0,0.0,0.0,0.0,0.0
Malta,Other revenue,MT,,,,,
Malta,Revenue,MT,37.0164,37.2134,37.1447,36.0022,35.8202
Malta,Social contributions,MT,6.05,5.8775,5.8921,5.6955,6.4425
Malta,Tax revenue,MT,25.1685,25.0058,24.9889,24.6737,23.8184
Malta,Taxes on goods & services,MT,12.4172,12.1727,12.5566,11.9302,11.1727
Malta,"Taxes on income, profits, & capital gains",MT,12.5997,12.6707,12.2723,12.5565,12.4725
Malta,Taxes on int trade & transactions,MT,0.0,0.0,0.0,0.0,0.0
Malta,Taxes on payroll & workforce,MT,0.0,0.0,0.0,0.0,0.0
Malta,Taxes on property,MT,0.1509,0.1615,0.1595,0.1859,0.1733
Mauritius,Customs & other import duties,MU,0.3098,0.2574,0.2793,0.2768,0.2831
Mauritius,Grants revenue,MU,0.0735,0.6386,0.5475,0.401,1.0207
Mauritius,Grants revenue from foreign govts,MU,0.028,0.4188,0.4672,0.3171,0.9636
Mauritius,Grants revenue from int orgs,MU,0.0513,0.2198,0.0804,0.0839,0.0572
Mauritius,Grants revenue from other gen govt,MU,-0.0058,0.0,0.0,-0.0,0.0
Mauritius,Other revenue,MU,3.0245,2.9619,2.7463,2.0412,2.5117
Mauritius,Revenue,MU,22.2262,23.1694,23.4919,23.5661,26.5739
Mauritius,Social contributions,MU,0.9322,0.9529,1.0062,1.1155,1.333
Mauritius,Tax revenue,MU,18.1961,18.616,19.1919,20.0084,21.7084
Mauritius,Taxes on goods & services,MU,12.8401,13.0231,13.5682,13.7252,14.4739
Mauritius,"Taxes on income, profits, & capital gains",MU,4.4106,4.7635,4.8459,5.4242,6.3247
Mauritius,Taxes on int trade & transactions,MU,0.3098,0.2574,0.2793,0.2768,0.2831
Mauritius,Taxes on payroll & workforce,MU,0.1362,0.1396,0.114,0.1559,0.1856
Mauritius,Taxes on property,MU,0.1057,0.0753,0.077,0.103,0.0852
"Moldova, Republic of",Customs & other import duties,MD,0.6113,0.5971,0.5842,0.5698,0.5981
"Moldova, Republic of",Grants revenue,MD,0.8535,0.564,0.2039,0.7628,0.3261
"Moldova, Republic of",Grants revenue from foreign govts,MD,0.117,0.0359,0.0478,0.0186,0.0042
"Moldova, Republic of",Grants revenue from int orgs,MD,0.7364,0.528,0.156,0.7442,0.3219
"Moldova, Republic of",Grants revenue from other gen govt,MD,0.0,0.0,0.0,0.0,0.0
"Moldova, Republic of",Other revenue,MD,1.2894,1.3308,1.4699,1.3748,1.5153
"Moldova, Republic of",Revenue,MD,28.5757,29.8397,30.5215,29.9617,31.4508
"Moldova, Republic of",Social contributions,MD,8.2559,8.672,9.0284,8.7596,9.6561
"Moldova, Republic of",Tax revenue,MD,18.1769,19.273,19.8193,19.0645,19.9534
"Moldova, Republic of",Taxes on goods & services,MD,12.9538,13.7609,13.7313,13.4892,14.1251
"Moldova, Republic of","Taxes on income, profits, & capital gains",MD,4.0693,4.3173,4.9147,4.4433,4.663
"Moldova, Republic of",Taxes on int trade & transactions,MD,0.9028,0.8895,0.8767,0.856,0.8729
"Moldova, Republic of",Taxes on payroll & workforce,MD,0.0,0.0,0.0,0.0,0.0
"Moldova, Republic of",Taxes on property,MD,0.2509,0.3053,0.2967,0.276,0.2924
Mongolia,Customs & other import duties,MN,1.3714,1.8379,2.1093,2.1195,1.9988
Mongolia,Grants revenue,MN,0.3224,0.2218,0.132,0.0893,0.28
Mongolia,Grants revenue from foreign govts,MN,0.3224,0.2218,0.132,0.0893,0.28
Mongolia,Grants revenue from int orgs,MN,0.0,0.0,0.0,0.0,0.0
Mongolia,Grants revenue from other gen govt,MN,0.0,0.0,-0.0,0.0,0.0001
Mongolia,Other revenue,MN,4.7226,6.3685,7.3085,9.013,10.4365
Mongolia,Revenue,MN,25.2218,29.3429,33.3672,35.7223,33.4344
Mongolia,Social contributions,MN,5.4924,5.5388,5.5869,6.0703,5.0629
Mongolia,Tax revenue,MN,14.6845,17.2138,20.3399,20.5497,17.655
Mongolia,Taxes on goods & services,MN,8.2658,8.5305,9.8473,9.7819,8.8688
Mongolia,"Taxes on income, profits, & capital gains",MN,4.3577,5.787,7.4523,7.8483,6.0398
Mongolia,Taxes on int trade & transactions,MN,1.372,2.0686,2.1114,2.1195,1.9991
Mongolia,Taxes on payroll & workforce,MN,0.0,0.0,0.0,0.0,0.0
Mongolia,Taxes on property,MN,0.4371,0.4704,0.4356,0.4141,0.4191
Myanmar,Customs & other import duties,MM,0.647,0.5925,0.2863,0.4417,
Myanmar,Grants revenue,MM,0.4862,0.7873,0.1178,0.3951,
Myanmar,Grants revenue from foreign govts,MM,0.0,0.0,0.0,0.0,
Myanmar,Grants revenue from int orgs,MM,0.4862,0.7873,0.1178,0.3951,
Myanmar,Grants revenue from other gen govt,MM,0.0,0.0,0.0,0.0,
Myanmar,Other revenue,MM,10.6429,11.0057,4.7377,9.2869,
Myanmar,Revenue,MM,19.0673,18.5967,7.9585,16.3879,
Myanmar,Social contributions,MM,0.0987,0.1005,0.0602,0.124,
Myanmar,Tax revenue,MM,7.8395,6.7032,3.0428,6.5819,
Myanmar,Taxes on goods & services,MM,4.4996,3.6318,1.8756,3.9556,
Myanmar,"Taxes on income, profits, & capital gains",MM,2.5676,2.3398,0.8347,2.0932,
Myanmar,Taxes on int trade & transactions,MM,0.647,0.5925,0.2863,0.4417,
Myanmar,Taxes on payroll & workforce,MM,0.0,0.0,0.0,0.0,
Myanmar,Taxes on property,MM,0.0494,0.0485,0.0145,0.0349,
Nauru,Customs & other import duties,NR,13.0566,11.3388,11.3576,10.7833,10.4628
Nauru,Grants revenue,NR,8.2867,8.2879,10.7172,12.7261,18.7758
Nauru,Grants revenue from foreign govts,NR,8.2867,7.9454,9.3749,8.9603,14.9987
Nauru,Grants revenue from int orgs,NR,0.0,0.3426,1.3423,0.0,0.0
Nauru,Grants revenue from other gen govt,NR,0.0,0.0,0.0,3.7658,3.7771
Nauru,Other revenue,NR,66.8537,69.6798,78.0079,99.9289,103.0642
Nauru,Revenue,NR,99.7427,100.4641,119.1915,148.7202,170.2183
Nauru,Social contributions,NR,0.0,0.0,0.0,0.0,0.0
Nauru,Tax revenue,NR,24.6023,22.4964,30.4664,36.0652,48.3784
Nauru,Taxes on goods & services,NR,2.3869,2.4963,2.0337,1.3043,1.5183
Nauru,"Taxes on income, profits, & capital gains",NR,9.1588,8.6613,17.0751,23.9776,36.3972
Nauru,Taxes on int trade & transactions,NR,13.0566,11.3388,11.3576,10.7833,10.4628
Nauru,Taxes on payroll & workforce,NR,0.0,0.0,0.0,0.0,0.0
Nauru,Taxes on property,NR,0.0,0.0,0.0,0.0,0.0
Nepal,Customs & other import duties,NP,,,,3.5504,3.0037
Nepal,Grants revenue,NP,,,,0.7666,0.7684
Nepal,Grants revenue from foreign govts,NP,,,,0.225,0.0006
Nepal,Grants revenue from int orgs,NP,,,,0.5416,0.7678
Nepal,Grants revenue from other gen govt,NP,,,,0.0,0.0
Nepal,Other revenue,NP,,,,3.4636,5.501
Nepal,Revenue,NP,,,,24.5615,25.3314
Nepal,Social contributions,NP,,,,0.0,0.0
Nepal,Tax revenue,NP,,,,20.3313,19.0621
Nepal,Taxes on goods & services,NP,,,,11.5188,9.2168
Nepal,"Taxes on income, profits, & capital gains",NP,,,,4.8797,5.4821
Nepal,Taxes on int trade & transactions,NP,,,,3.714,3.1622
Nepal,Taxes on payroll & workforce,NP,,,,0.1556,0.1662
Nepal,Taxes on property,NP,,,,0.0028,0.9896
Netherlands,Customs & other import duties,NL,0.0,0.0,0.0,0.0,0.0
Netherlands,Grants revenue,NL,0.1273,0.1253,0.1233,0.1298,0.1289
Netherlands,Grants revenue from foreign govts,NL,0.0512,0.0423,0.0432,0.0428,0.0404
Netherlands,Grants revenue from int orgs,NL,0.0761,0.083,0.0801,0.087,0.0885
Netherlands,Grants revenue from other gen govt,NL,0.0,0.0,0.0,0.0,0.0
Netherlands,Other revenue,NL,4.2123,4.0403,3.9079,3.5312,3.2232
Netherlands,Revenue,NL,42.8135,42.9227,42.8718,42.9579,43.0874
Netherlands,Social contributions,NL,15.1744,14.2973,14.4362,13.9166,14.0995
Netherlands,Tax revenue,NL,23.2995,24.4598,24.4044,25.3802,25.6358
Netherlands,Taxes on goods & services,NL,10.5885,10.6006,10.7438,11.0962,11.1183
Netherlands,"Taxes on income, profits, & capital gains",NL,10.446,11.6184,11.4691,12.1767,12.1396
Netherlands,Taxes on int trade & transactions,NL,0.0,0.0,0.0,0.0,0.0
Netherlands,Taxes on payroll & workforce,NL,0.0748,0.0771,0.0727,0.061,0.1994
Netherlands,Taxes on property,NL,1.1211,1.1108,1.1004,1.0523,1.1587
New Zealand,Customs & other import duties,NZ,0.9158,0.8902,0.9047,0.879,0.9259
New Zealand,Grants revenue,NZ,0.1068,0.0882,0.0955,0.0985,0.1026
New Zealand,Grants revenue from foreign govts,NZ,0.1068,0.0882,0.0955,0.0985,0.1026
New Zealand,Grants revenue from int orgs,NZ,0.0,0.0,0.0,0.0,0.0
New Zealand,Grants revenue from other gen govt,NZ,0.0,-0.0,0.0,0.0,0.0
New Zealand,Other revenue,NZ,5.5367,5.2948,5.1445,5.1443,4.9165
New Zealand,Revenue,NZ,36.3299,35.959,35.8084,36.523,35.6446
New Zealand,Social contributions,NZ,0.7685,0.7204,0.6582,0.6776,0.6721
New Zealand,Tax revenue,NZ,29.9179,29.8555,29.9102,30.6026,29.9535
New Zealand,Taxes on goods & services,NZ,9.8258,9.7055,9.7228,9.7641,9.7261
New Zealand,"Taxes on income, profits, & capital gains",NZ,17.1738,17.2979,17.3271,17.983,17.2352
New Zealand,Taxes on int trade & transactions,NZ,0.9363,0.9108,0.9265,0.9001,0.9646
New Zealand,Taxes on payroll & workforce,NZ,0.0,0.0,0.0,0.0,0.0
New Zealand,Taxes on property,NZ,1.9819,1.941,1.933,1.954,2.026
Norway,Customs & other import duties,NO,0.1017,0.0953,0.0879,0.0889,0.0969
Norway,Grants revenue,NO,,,,,
Norway,Grants revenue from foreign govts,NO,0.0127,0.0112,0.0222,0.0442,0.0485
Norway,Grants revenue from int orgs,NO,,,,,
Norway,Grants revenue from other gen govt,NO,0.0,0.0,0.0,0.0,0.0
Norway,Other revenue,NO,,,,,
Norway,Revenue,NO,54.7552,54.6362,55.8621,57.1777,54.4269
Norway,Social contributions,NO,10.8058,10.4588,10.2046,10.7289,11.3601
Norway,Tax revenue,NO,28.3728,28.636,29.4721,29.6291,27.5998
Norway,Taxes on goods & services,NO,12.497,12.2847,11.8825,12.0507,12.6329
Norway,"Taxes on income, profits, & capital gains",NO,14.8822,15.2802,16.5697,16.5159,13.8596
Norway,Taxes on int trade & transactions,NO,0.1084,0.1023,0.0952,0.0979,0.1061
Norway,Taxes on payroll & workforce,NO,0.0145,0.0714,0.0692,0.0703,0.0757
Norway,Taxes on property,NO,0.8668,0.8936,0.8519,0.891,0.9224
Poland,Customs & other import duties,PL,0.0,0.0,0.0,0.0,0.0
Poland,Grants revenue,PL,,,,,
Poland,Grants revenue from foreign govts,PL,,,,,
Poland,Grants revenue from int orgs,PL,,,,,
Poland,Grants revenue from other gen govt,PL,0.0,0.0,0.0,0.0,0.0
Poland,Other revenue,PL,,,,,
Poland,Revenue,PL,38.7211,39.7847,41.2908,41.0352,41.5806
Poland,Social contributions,PL,13.6393,13.7231,13.9538,14.0341,14.4565
Poland,Tax revenue,PL,20.5126,21.1282,21.8708,21.7279,22.0084
Poland,Taxes on goods & services,PL,12.3142,12.7109,13.0148,12.7614,12.8957
Poland,"Taxes on income, profits, & capital gains",PL,6.6677,6.9092,7.3995,7.5239,7.5669
Poland,Taxes on int trade & transactions,PL,0.0,0.0,0.0,0.0,0.0
Poland,Taxes on payroll & workforce,PL,0.2239,0.2254,0.2225,0.2585,0.3306
Poland,Taxes on property,PL,1.2343,1.2101,1.1607,1.1131,1.1518
Portugal,Customs & other import duties,PT,0.0,0.0,0.0,0.0,0.0
Portugal,Grants revenue,PT,1.0417,0.6585,0.685,0.6889,0.8645
Portugal,Grants revenue from foreign govts,PT,0.0099,0.0131,0.0131,0.0155,0.0303
Portugal,Grants revenue from int orgs,PT,1.0319,0.6454,0.672,0.6733,0.8342
Portugal,Grants revenue from other gen govt,PT,0.0,0.0,0.0,0.0,0.0
Portugal,Other revenue,PT,4.7575,4.7217,4.7523,4.72,4.5851
Portugal,Revenue,PT,42.198,41.7481,42.224,41.9617,42.8834
Portugal,Social contributions,PT,11.5879,11.5814,11.6284,11.8296,12.7972
Portugal,Tax revenue,PT,24.8109,24.7864,25.1584,24.7232,24.6366
Portugal,Taxes on goods & services,PT,13.3133,13.4734,13.6553,13.5531,13.1093
Portugal,"Taxes on income, profits, & capital gains",PT,9.806,9.6323,9.8028,9.4515,9.7701
Portugal,Taxes on int trade & transactions,PT,0.0,0.0,0.0,0.0,0.0
Portugal,Taxes on payroll & workforce,PT,0.0,0.0,0.0,0.0,0.0
Portugal,Taxes on property,PT,0.8247,0.8055,0.8123,0.8031,0.8259
Romania,Customs & other import duties,RO,0.0006,0.0055,0.006,0.0065,0.0049
Romania,Grants revenue,RO,,,,,
Romania,Grants revenue from foreign govts,RO,,,,,
Romania,Grants revenue from int orgs,RO,0.7166,0.8362,0.8886,0.9562,1.6619
Romania,Grants revenue from other gen govt,RO,0.0,0.0,0.0,0.0,0.0
Romania,Other revenue,RO,,,,,4.0452
Romania,Revenue,RO,31.8433,30.7847,31.8949,31.7739,32.6988
Romania,Social contributions,RO,8.7748,9.3515,11.4108,11.3011,11.9732
Romania,Tax revenue,RO,17.7897,16.376,15.3323,15.4275,15.1267
Romania,Taxes on goods & services,RO,10.9711,10.007,10.1661,10.3348,10.1357
Romania,"Taxes on income, profits, & capital gains",RO,6.0319,5.7188,4.5832,4.5332,4.4402
Romania,Taxes on int trade & transactions,RO,0.0006,0.0055,0.006,0.0065,0.0049
Romania,Taxes on payroll & workforce,RO,0.0,0.0,0.0,0.0,0.0
Romania,Taxes on property,RO,0.7291,0.599,0.5336,0.5117,0.5111
Russian Federation,Customs & other import duties,RU,0.6679,0.6397,0.6554,0.6774,0.6792
Russian Federation,Grants revenue,RU,0.0,0.0,0.0,0.0003,0.0008
Russian Federation,Grants revenue from foreign govts,RU,0.0,0.0,0.0,0.0,0.0
Russian Federation,Grants revenue from int orgs,RU,0.0,0.0,0.0,0.0003,0.0008
Russian Federation,Grants revenue from other gen govt,RU,-0.0,-0.0,0.0,-0.0,0.0
Russian Federation,Other revenue,RU,10.3272,9.5752,10.7559,13.399,11.5827
Russian Federation,Revenue,RU,36.4132,35.8122,38.4955,40.9043,38.9484
Russian Federation,Social contributions,RU,8.0441,7.0385,7.2285,7.4149,7.7887
Russian Federation,Tax revenue,RU,18.0419,19.1985,20.5111,20.0901,19.5762
Russian Federation,Taxes on goods & services,RU,7.4774,7.6818,7.9553,8.2065,9.3405
Russian Federation,"Taxes on income, profits, & capital gains",RU,6.3216,7.4993,7.7696,8.023,7.9888
Russian Federation,Taxes on int trade & transactions,RU,3.0773,2.8143,3.5629,2.7736,1.7558
Russian Federation,Taxes on payroll & workforce,RU,0.0,0.0,0.0,0.0,0.0
Russian Federation,Taxes on property,RU,1.1654,1.2029,1.2231,1.0863,0.4907
Samoa,Customs & other import duties,WS,2.6043,2.6022,2.7877,2.8434,2.5541
Samoa,Grants revenue,WS,2.1956,1.9755,2.9473,2.0577,8.2941
Samoa,Grants revenue from foreign govts,WS,2.1748,1.9433,2.8993,2.0399,8.2751
Samoa,Grants revenue from int orgs,WS,0.0208,0.0322,0.048,0.0178,0.019
Samoa,Grants revenue from other gen govt,WS,0.0,0.0,0.0,0.0,0.0
Samoa,Other revenue,WS,5.6052,6.5361,7.0511,8.9067,8.1669
Samoa,Revenue,WS,32.6008,34.0282,35.9774,37.6888,43.4717
Samoa,Social contributions,WS,0.5492,0.5474,0.5499,0.5575,0.6108
Samoa,Tax revenue,WS,24.2508,24.9693,25.429,26.167,26.4
Samoa,Taxes on goods & services,WS,16.0375,16.6617,17.0365,17.3905,17.871
Samoa,"Taxes on income, profits, & capital gains",WS,5.4717,5.5467,5.4793,5.8981,5.9748
Samoa,Taxes on int trade & transactions,WS,2.6043,2.6022,2.7877,2.8434,2.5541
Samoa,Taxes on payroll & workforce,WS,0.0,0.0,0.0,0.0,0.0
Samoa,Taxes on property,WS,0.1373,0.1586,0.1256,0.035,0.0
San Marino,Customs & other import duties,SM,0.2005,0.1877,0.1551,0.1645,0.1602
San Marino,Grants revenue,SM,-0.0,0.0,0.0,0.0,2.19
San Marino,Grants revenue from foreign govts,SM,0.0,0.0,0.0,0.0,0.3414
San Marino,Grants revenue from int orgs,SM,0.0,0.0,0.0,0.0,1.8486
San Marino,Grants revenue from other gen govt,SM,0.0,0.0,0.0,0.0,-0.0
San Marino,Other revenue,SM,12.4625,11.1028,9.9832,11.5378,10.2814
San Marino,Revenue,SM,42.3912,40.8356,41.1493,41.6502,41.5827
San Marino,Social contributions,SM,13.2391,13.2639,13.2093,13.1996,13.083
San Marino,Tax revenue,SM,16.6895,16.4688,17.9568,16.9127,16.0282
San Marino,Taxes on goods & services,SM,8.9875,8.4685,8.432,8.0281,7.3085
San Marino,"Taxes on income, profits, & capital gains",SM,6.5329,6.7934,7.0688,7.5651,7.4535
San Marino,Taxes on int trade & transactions,SM,0.2005,0.1877,0.1551,0.1645,0.1602
San Marino,Taxes on payroll & workforce,SM,0.0,0.0,0.0,0.0,0.0
San Marino,Taxes on property,SM,0.6073,0.6081,1.8441,0.6743,0.7077
Seychelles,Customs & other import duties,SC,1.9223,1.3869,1.4797,,
Seychelles,Grants revenue,SC,1.254,0.9017,1.3053,,
Seychelles,Grants revenue from foreign govts,SC,0.0,0.0,0.0,,
Seychelles,Grants revenue from int orgs,SC,1.254,0.9017,1.3053,,
Seychelles,Grants revenue from other gen govt,SC,0.0,0.0,0.0,,
Seychelles,Other revenue,SC,4.7477,3.2378,4.3619,,
Seychelles,Revenue,SC,37.7167,36.1273,38.9739,,
Seychelles,Social contributions,SC,0.0,0.0,0.0,,
Seychelles,Tax revenue,SC,31.715,31.9878,33.3067,,
Seychelles,Taxes on goods & services,SC,18.1602,18.8386,18.5862,,
Seychelles,"Taxes on income, profits, & capital gains",SC,11.1055,11.3283,12.6538,,
Seychelles,Taxes on int trade & transactions,SC,1.9223,1.3869,1.4797,,
Seychelles,Taxes on payroll & workforce,SC,0.0,0.0,0.0,,
Seychelles,Taxes on property,SC,0.0,0.0,0.587,,
Singapore,Customs & other import duties,SG,0.0,0.0,0.0,0.0,0.0
Singapore,Grants revenue,SG,0.0,0.0,0.0,0.0,0.0
Singapore,Grants revenue from foreign govts,SG,0.0,0.0,0.0,0.0,0.0
Singapore,Grants revenue from int orgs,SG,0.0,0.0,0.0,0.0,0.0
Singapore,Grants revenue from other gen govt,SG,0.0,0.0,0.0,0.0,0.0
Singapore,Other revenue,SG,5.1623,6.1971,5.1881,7.8011,5.4695
Singapore,Revenue,SG,18.4836,20.1842,18.2332,21.0406,18.5568
Singapore,Social contributions,SG,0.0,0.0,0.0,0.0,0.0
Singapore,Tax revenue,SG,13.3212,13.9871,13.0451,13.2395,13.0873
Singapore,Taxes on goods & services,SG,4.2325,3.9934,3.8451,3.8114,3.7908
Singapore,"Taxes on income, profits, & capital gains",SG,5.9817,6.7531,6.0676,6.3651,7.0307
Singapore,Taxes on int trade & transactions,SG,0.0,0.0,0.0,0.0,0.0
Singapore,Taxes on payroll & workforce,SG,0.0,0.0,0.0,0.0,0.0
Singapore,Taxes on property,SG,0.99,0.9364,0.9168,0.9323,0.6668
Slovakia,Customs & other import duties,SK,0.0001,0.0,0.0,0.0,0.0
Slovakia,Grants revenue,SK,,,,,
Slovakia,Grants revenue from foreign govts,SK,,,,,
Slovakia,Grants revenue from int orgs,SK,,0.6526,0.9031,0.829,1.4104
Slovakia,Grants revenue from other gen govt,SK,0.0,0.0,0.0,0.0,0.0
Slovakia,Other revenue,SK,,,,,
Slovakia,Revenue,SK,40.0767,38.0752,38.3119,38.8702,39.7066
Slovakia,Social contributions,SK,14.3818,14.7947,14.9363,15.2446,15.8371
Slovakia,Tax revenue,SK,18.6567,19.1177,19.1362,19.2308,19.4458
Slovakia,Taxes on goods & services,SK,11.2242,11.6376,11.5943,11.7697,11.8531
Slovakia,"Taxes on income, profits, & capital gains",SK,7.0032,7.0532,7.1288,7.059,7.1145
Slovakia,Taxes on int trade & transactions,SK,0.0001,0.0,0.0,0.0,0.0
Slovakia,Taxes on payroll & workforce,SK,0.0,0.0,0.0,0.0,0.0
Slovakia,Taxes on property,SK,0.4292,0.4269,0.4131,0.4021,0.4782
Slovenia,Customs & other import duties,SI,0.0,0.0,0.0,0.0,0.0
Slovenia,Grants revenue,SI,,,,,
Slovenia,Grants revenue from foreign govts,SI,,,,,
Slovenia,Grants revenue from int orgs,SI,0.1632,0.3348,0.5266,0.5498,0.6247
Slovenia,Grants revenue from other gen govt,SI,0.0,0.0,0.0,0.0,0.0
Slovenia,Other revenue,SI,,,,,
Slovenia,Revenue,SI,44.2437,44.017,44.2477,43.7548,43.6103
Slovenia,Social contributions,SI,15.6702,15.6864,15.7129,15.9577,17.1746
Slovenia,Tax revenue,SI,22.068,21.7206,21.8731,21.5258,20.5701
Slovenia,Taxes on goods & services,SI,14.6085,14.2292,13.9916,13.6922,12.6436
Slovenia,"Taxes on income, profits, & capital gains",SI,6.8399,6.8751,7.3006,7.2414,7.3166
Slovenia,Taxes on int trade & transactions,SI,0.0,0.0,0.0,0.0,0.0
Slovenia,Taxes on payroll & workforce,SI,0.0489,0.0496,0.0472,0.0479,0.0461
Slovenia,Taxes on property,SI,0.5508,0.5474,0.5152,0.5256,0.5433
Somalia,Customs & other import duties,SO,,2.8084,2.8352,2.5812,2.0529
Somalia,Grants revenue,SO,,2.5776,2.3192,3.1949,6.0939
Somalia,Grants revenue from foreign govts,SO,,1.3711,0.635,0.7393,0.3069
Somalia,Grants revenue from int orgs,SO,,1.2065,1.6842,2.4557,5.787
Somalia,Grants revenue from other gen govt,SO,,0.0,0.0,0.0,0.0
Somalia,Other revenue,SO,,0.4941,0.5702,1.4414,1.7334
Somalia,Revenue,SO,,7.4817,8.0095,9.6631,12.3602
Somalia,Social contributions,SO,,0.0,0.0,0.0,0.0
Somalia,Tax revenue,SO,,4.41,5.1202,5.0268,4.5329
Somalia,Taxes on goods & services,SO,,1.2802,1.7916,1.4427,1.1871
Somalia,"Taxes on income, profits, & capital gains",SO,,0.0929,0.1994,0.2387,0.2553
Somalia,Taxes on int trade & transactions,SO,,2.9713,3.0372,3.0795,2.8424
Somalia,Taxes on payroll & workforce,SO,,0.0552,0.0667,0.1133,0.1934
Somalia,Taxes on property,SO,,0.0034,0.0195,0.0329,0.0546
South Africa,Customs & other import duties,ZA,0.9395,0.9679,1.027,0.9705,0.8327
South Africa,Grants revenue,ZA,0.1604,11.6291,0.1351,0.1851,0.1806
South Africa,Grants revenue from foreign govts,ZA,0.038,0.0283,0.0273,0.031,0.028
South Africa,Grants revenue from int orgs,ZA,0.0164,0.0106,0.0044,0.0,0.0006
South Africa,Grants revenue from other gen govt,ZA,0.1061,11.5902,0.1034,0.1541,0.152
South Africa,Other revenue,ZA,7.9636,7.7798,7.0306,7.5955,8.5864
South Africa,Revenue,ZA,34.9429,46.1215,34.1458,34.8919,34.2891
South Africa,Social contributions,ZA,0.5696,0.5191,0.5408,0.5924,0.3842
South Africa,Tax revenue,ZA,26.2493,26.1935,26.4394,26.5189,25.138
South Africa,Taxes on goods & services,ZA,9.8218,9.6688,9.9872,10.0855,9.5996
South Africa,"Taxes on income, profits, & capital gains",ZA,13.9619,14.0149,13.7885,13.7855,13.008
South Africa,Taxes on int trade & transactions,ZA,0.9505,0.9834,1.0401,0.9852,0.8386
South Africa,Taxes on payroll & workforce,ZA,0.3218,0.3153,0.3255,0.3298,0.2219
South Africa,Taxes on property,ZA,1.193,1.2115,1.2983,1.3327,1.4696
Spain,Customs & other import duties,ES,0.0087,0.0086,0.0081,0.0078,0.0074
Spain,Grants revenue,ES,0.2765,0.3216,0.5527,0.4188,0.4917
Spain,Grants revenue from foreign govts,ES,0.0,0.0,0.0,0.0,0.0
Spain,Grants revenue from int orgs,ES,0.2765,0.3216,0.5527,0.4188,0.4917
Spain,Grants revenue from other gen govt,ES,0.0,0.0,0.0,0.0,0.0
Spain,Other revenue,ES,3.012,2.7734,2.8115,2.9403,2.9101
Spain,Revenue,ES,37.4842,37.5354,38.56,38.5822,40.7169
Spain,Social contributions,ES,12.1717,12.2587,12.4204,12.9106,14.4583
Spain,Tax revenue,ES,22.024,22.1817,22.7753,22.3125,22.8568
Spain,Taxes on goods & services,ES,10.5969,10.6641,10.7853,10.5737,10.2726
Spain,"Taxes on income, profits, & capital gains",ES,9.5083,9.7033,10.2179,10.0254,10.7876
Spain,Taxes on int trade & transactions,ES,0.0087,0.0086,0.0081,0.0078,0.0074
Spain,Taxes on payroll & workforce,ES,0.0,0.0,0.0,0.0,0.0
Spain,Taxes on property,ES,1.9101,1.8057,1.764,1.7056,1.7892
Sweden,Customs & other import duties,SE,0.0,0.0,0.0,0.0,0.0
Sweden,Grants revenue,SE,0.1343,0.1299,0.1286,0.1257,0.1259
Sweden,Grants revenue from foreign govts,SE,0.0675,0.0479,0.0406,0.0437,0.0399
Sweden,Grants revenue from int orgs,SE,0.0668,0.082,0.088,0.0819,0.086
Sweden,Grants revenue from other gen govt,SE,0.0,0.0,0.0,0.0,0.0
Sweden,Other revenue,SE,5.1248,4.9904,5.1633,5.1267,5.2355
Sweden,Revenue,SE,49.7828,49.6537,49.5953,48.62,48.6584
Sweden,Social contributions,SE,3.3003,3.3122,3.4143,3.4079,3.4002
Sweden,Tax revenue,SE,41.2235,41.2212,40.8892,39.9598,39.8969
Sweden,Taxes on goods & services,SE,12.7879,12.6262,12.6415,12.3719,12.5103
Sweden,"Taxes on income, profits, & capital gains",SE,18.4173,18.55,18.1942,17.6831,17.8203
Sweden,Taxes on int trade & transactions,SE,0.0,0.0,0.0,0.0,0.0
Sweden,Taxes on payroll & workforce,SE,9.261,9.3344,9.3656,9.2239,8.8745
Sweden,Taxes on property,SE,0.7572,0.7106,0.6878,0.6808,0.6917
Ukraine,Customs & other import duties,UA,0.8385,0.8012,0.746,0.7507,0.7205
Ukraine,Grants revenue,UA,0.18,0.0583,0.0472,0.033,0.0316
Ukraine,Grants revenue from foreign govts,UA,0.004,0.0036,0.0034,0.0032,0.0035
Ukraine,Grants revenue from int orgs,UA,0.176,0.0547,0.0438,0.0298,0.0281
Ukraine,Grants revenue from other gen govt,UA,-0.0,0.0,0.0,0.0,0.0
Ukraine,Other revenue,UA,7.4392,8.1503,6.8928,6.8848,7.1249
Ukraine,Revenue,UA,38.4784,40.2408,39.52,39.3728,39.9209
Ukraine,Social contributions,UA,5.7167,6.2133,6.5511,7.0138,7.1588
Ukraine,Tax revenue,UA,25.1424,25.819,26.0288,25.4412,25.6056
Ukraine,Taxes on goods & services,UA,14.7859,15.0757,14.6742,13.4386,13.6506
Ukraine,"Taxes on income, profits, & capital gains",UA,8.3427,8.6855,9.4397,9.8757,9.8662
Ukraine,Taxes on int trade & transactions,UA,0.8845,0.8373,0.7863,0.7748,0.7337
Ukraine,Taxes on payroll & workforce,UA,0.0,0.0,0.0,0.0,0.0
Ukraine,Taxes on property,UA,0.4091,0.4131,0.3882,0.4654,0.4479
United Arab Emirates,Customs & other import duties,AE,0.7707,0.6563,0.514,0.5252,0.5094
United Arab Emirates,Grants revenue,AE,0.0,0.0,0.0,0.0,0.0
United Arab Emirates,Grants revenue from foreign govts,AE,0.0,0.0,0.0,0.0,0.0
United Arab Emirates,Grants revenue from int orgs,AE,0.0,0.0,0.0,0.0,0.0
United Arab Emirates,Grants revenue from other gen govt,AE,0.0,0.0,0.0,0.0,0.0
United Arab Emirates,Other revenue,AE,22.0978,16.5442,16.7591,15.882,15.4614
United Arab Emirates,Revenue,AE,30.7398,28.3281,30.81,31.0967,27.912
United Arab Emirates,Social contributions,AE,0.3608,0.3264,0.3119,0.2992,0.9794
United Arab Emirates,Tax revenue,AE,8.2813,11.4574,13.739,14.9156,11.4712
United Arab Emirates,Taxes on goods & services,AE,6.5742,9.795,12.2212,13.4872,2.3742
United Arab Emirates,"Taxes on income, profits, & capital gains",AE,0.8828,0.9553,0.9546,0.8564,8.5508
United Arab Emirates,Taxes on int trade & transactions,AE,0.78,0.6598,0.5157,0.528,0.5105
United Arab Emirates,Taxes on payroll & workforce,AE,0.0,0.0,0.0,0.0,0.0
United Arab Emirates,Taxes on property,AE,0.0168,0.0178,0.0167,0.013,0.0065
United Kingdom,Customs & other import duties,GB,0.0,0.0,0.0,0.0,0.0
United Kingdom,Grants revenue,GB,0.0147,0.0181,0.0068,0.0051,0.0034
United Kingdom,Grants revenue from foreign govts,GB,0.0069,0.0051,0.004,0.0018,0.0
United Kingdom,Grants revenue from int orgs,GB,0.0078,0.013,0.0028,0.0033,0.0034
United Kingdom,Grants revenue from other gen govt,GB,0.0,0.0,0.0,0.0,0.0
United Kingdom,Other revenue,GB,3.3202,3.4485,3.4171,3.2568,3.5402
United Kingdom,Revenue,GB,36.0379,36.6357,36.5417,36.2234,36.3468
United Kingdom,Social contributions,GB,6.1314,6.2929,6.298,6.4395,6.7949
United Kingdom,Tax revenue,GB,26.5716,26.8762,26.8198,26.522,26.0082
United Kingdom,Taxes on goods & services,GB,11.7087,11.7441,11.6802,11.6301,10.9556
United Kingdom,"Taxes on income, profits, & capital gains",GB,11.506,11.6818,11.6009,11.3723,11.7089
United Kingdom,Taxes on int trade & transactions,GB,0.0,0.0,0.0,0.0012,0.0115
United Kingdom,Taxes on payroll & workforce,GB,0.0,0.0878,0.1198,0.1226,0.1345
United Kingdom,Taxes on property,GB,3.1538,3.1859,3.2348,3.2172,3.0496
United States,Customs & other import duties,US,0.2008,0.1977,0.2596,0.3638,0.3285
United States,Grants revenue,US,0.0044,0.0041,0.0035,0.006,0.0036
United States,Grants revenue from foreign govts,US,0.0044,0.0041,0.0035,0.006,0.0036
United States,Grants revenue from int orgs,US,0.0,0.0,0.0,0.0,0.0
United States,Grants revenue from other gen govt,US,0.0,0.0,0.0,0.0,0.0
United States,Other revenue,US,4.8103,4.7592,4.6063,4.3851,4.2915
United States,Revenue,US,31.1794,32.088,30.0745,30.1388,30.6702
United States,Social contributions,US,6.6561,6.6943,6.6539,6.675,7.0094
United States,Tax revenue,US,19.7085,20.6304,18.8108,19.0727,19.3657
United States,Taxes on goods & services,US,4.1734,4.159,4.2505,4.0878,4.1538
United States,"Taxes on income, profits, & capital gains",US,12.3727,12.0038,11.3667,11.6171,11.7113
United States,Taxes on int trade & transactions,US,0.2008,0.1977,0.2596,0.3638,0.3285
United States,Taxes on payroll & workforce,US,0.0101,0.0102,0.0104,0.0106,0.0162
United States,Taxes on property,US,2.9217,4.2303,2.8909,2.9568,3.1161
Uzbekistan,Customs & other import duties,UZ,0.6182,0.6038,0.5171,0.5106,0.6576
Uzbekistan,Grants revenue,UZ,0.0,0.0,0.0,0.0,0.0
Uzbekistan,Grants revenue from foreign govts,UZ,0.0,0.0,0.0,0.0,0.0
Uzbekistan,Grants revenue from int orgs,UZ,0.0,0.0,0.0,0.0,0.0
Uzbekistan,Grants revenue from other gen govt,UZ,0.0,0.0,0.0,0.0,0.0
Uzbekistan,Other revenue,UZ,2.3297,2.2041,3.3333,3.7511,3.831
Uzbekistan,Revenue,UZ,26.1359,23.2929,26.6997,26.9093,26.0674
Uzbekistan,Social contributions,UZ,4.8223,4.3279,4.4285,4.4582,3.3968
Uzbekistan,Tax revenue,UZ,18.9839,16.761,18.9379,18.7,18.8396
Uzbekistan,Taxes on goods & services,UZ,8.7547,8.6827,11.225,11.4025,9.9336
Uzbekistan,"Taxes on income, profits, & capital gains",UZ,6.198,6.2132,5.9821,5.8665,7.5133
Uzbekistan,Taxes on int trade & transactions,UZ,3.003,0.8504,0.763,0.5481,0.6689
Uzbekistan,Taxes on payroll & workforce,UZ,0.0,0.0,0.0,0.0,0.0
Uzbekistan,Taxes on property,UZ,1.0281,1.0147,0.9677,0.8828,0.7238
